channel,obs_layer,norm_depth,dm_norm,median_norm,norm_ratio,router_val_auc,cos_dm_pc1,n_err,n_ref
rfi_tc,13,0.406,0.257,1.647,0.1561,0.8808,0.6391,662,51
rfi_tc,18,0.562,0.813,3.491,0.2328,0.8612,0.7902,662,51
rfi_tc,22,0.688,0.723,2.928,0.247,0.8777,0.7877,662,51
rfi_tc,27,0.844,0.96,4.517,0.2125,0.8835,0.6218,662,51
ca_tc,13,0.406,0.338,1.647,0.2052,0.9559,0.881,541,149
ca_tc,18,0.562,0.903,3.491,0.2586,0.9639,0.7811,541,149
ca_tc,22,0.688,0.794,2.928,0.2712,0.9636,0.7351,541,149
ca_tc,27,0.844,1.142,4.517,0.2529,0.9602,0.7937,541,149
ca_direct,13,0.406,0.238,1.647,0.1444,0.8411,0.5911,205,149
ca_direct,18,0.562,0.596,3.491,0.1707,0.9612,0.685,205,149
ca_direct,22,0.688,0.515,2.928,0.1759,0.938,0.5601,205,149
ca_direct,27,0.844,0.693,4.517,0.1534,0.9496,0.2711,205,149
