issue,current_status,affects_current_claim,blocker,existing_data_can_fix,new_data_required,post_hoc_rule_change_required,disposition,recommended_action
W2C gold validation,synthetic + automated labels; no independent re-annotation,only benchmark confidence,NO,NO,optional human audit,NO,SAFE_TO_STRENGTHEN,optional blinded audit; disclose either way
Preservation certification,no setting certifies alpha=0.05,NO - not claimed,NO,NO - 0/6 cannot reach 0.05 at any n<=6,YES - needs >=59 exposed,NO,REQUIRES_NEW_PROSPECTIVE_STUDY,report as result; future work
Cross-benchmark licence transfer,not established,NO - not claimed,NO,NO,YES,NO,MUST_REMAIN_LIMITATION,state plainly
Qwen3.5 split sensitivity,56.7% eligible over 30 reallocations,NO - strengthens interpretation,NO,YES - already done,NO,NO,ALREADY_SUFFICIENT,report as retrospective
Single ADMIT,one existential positive,NO - thesis needs existence only,NO,YES,NO,NO,ALREADY_SUFFICIENT,frame as existence
Licence calibration,"conservative, uncalibrated",NO - evidential rule claimed,NO,NO,YES - many settings,YES if thresholds moved,MUST_REMAIN_LIMITATION,state as convention
Threshold provenance,undocumented,NO,NO,NO,NO,NO,MUST_REMAIN_LIMITATION,do not retrofit rationale
Mechanism explanation,absent,NO - not claimed,NO,NO,YES,NO,NOT_REQUIRED_FOR_CURRENT_CLAIM,two Discussion sentences
Destination empirical decisiveness,did not change a decision beyond specificity,YES - wording,NO,YES - already stated,NO,NO,ALREADY_SUFFICIENT,state explicitly in Results and Discussion
ACEBench intervention absence,framework transfer only,NO - correctly scoped,NO,N/A,YES,NO,MUST_REMAIN_LIMITATION,never call it a licence benchmark
Model-family breadth,4 families,NO,NO,YES,NO,NO,ALREADY_SUFFICIENT,-
Benchmark breadth,1 licence / 2 instantiation / 6 screened,NO for current claim,NO,YES,YES for transfer,NO,MUST_REMAIN_LIMITATION,claim-scope table
Historical multi-seed heterogeneity,n_random=1 for 3 of 5 seeds,YES - wording,NO,YES - already disclosed,NO,NO,ALREADY_SUFFICIENT,retain caveat everywhere
