id,claim,load_bearing,evidence,model,dataset,population,denominator,protocol,era,mode,strongest_wording,prohibited,section
C1-1,SAKIKO is a pipeline for correction verification and licensing of pre-execution tool-decision errors,YES,framework spec + all downstream blocks,all,W2C+MetaTool,n/a,n/a,unified,both,n/a,"a structured pipeline that couples selective correction with destination-resolved verification and evidence-graded licensing","a new activation steering method; a novel gating mechanism",1-3
C2-1,A meaningful subset of tool-decision errors can be selectively improved,YES,Phi Net +55; Qwen3-8B +38; Qwen3-4B +37 gold; Gemma +17 gold; MetaTool 15/15 arm-runs positive,7 models,W2C+MetaTool,varies,n/a,mixed,both,confirmatory,"a meaningful subset of pre-execution tool-decision errors can be behaviourally improved by channel-specific intervention across multiple model families and scales","controlled scaling study; SAKIKO reliably fixes tool errors across models",4
C2-2,Correction breadth extends to a second benchmark and action space,NO,MetaTool over-call +8.6 under-call +13.0 dual +21.6 all 5/5,Qwen2.5-7B,MetaTool-Binary,two partially overlapping splits 524/1040 shared,n/a,historical,historical,confirmatory,"both tool over-calling and under-calling improved in 5/5 runs on disjoint channel populations spanning two partially overlapping splits","five replications on one population; exact additivity as independent evidence; any Correctable or licensing claim in binary space",7
C3-1,REAL beats every structural control,YES,REAL +55 vs RANDOM +14 REVERSE +14 WRONG_LAYER +3 MISMATCHED -17,Phi-3.5,W2C,test n=548,n/a,historical five-condition,historical,confirmatory,"the real intervention ranks first against four corrupted variants in a five-condition reduced calibration","a nine-condition ladder; pooling UNGATED into the five-condition table",4;8
C3-2,Zero of 59 matched randoms exceed real,YES,verified independently Qwen3-8B (38 vs max 8) and Gemma (17 vs max 0),Qwen3-8B;Gemma-2-9b,W2C,K=59 per model,59,modern sealed,modern,confirmatory,"no matched-norm random direction reached the real direction's gold arrivals in either model (0/59 each)","random directions produced no gold arrivals (false: 8 and 126 in other settings)",4
C4-1,Aggregate gain conceals preservation failure,YES,Phi Net +55 with 52/93 exposed-correct broken; every realization above budget,Phi-3.5,W2C,exposed baseline-correct,E2 n=93,historical,historical,confirmatory,"aggregate improvement coexists with majority damage to the exposed baseline-correct population; the point estimate varies across executions (Broke 16-52) but every artifact-backed realization exceeds the 5% budget, the thinnest margin being 6.1% at tau=0.9","52/93 as a stable constant; at least a factor of 1.6; 52/264 as the collateral rate; Broke=16 as improved preservation",5
C4-2,Similar aggregate gain conceals different destination composition,YES,Qwen3-8B activation vs score-space: Net +38/+35 gold 38/37 but OTHER_WRONG 14/21 target-hit 0.7308/0.6379,Qwen3-8B,W2C,routed channel errors,72,modern sealed,modern,confirmatory,"two interventions with similar aggregate improvement produced substantially different observed destination compositions","activation is statistically superior; score-space is inferior; 0/6 vs 2/6 as strong preservation evidence",5
C4-3,Router gating controls exposure volume not sample safety,NO,Cliff delta -0.094 p 0.44; break rate 55.9%->51.0% across tau,Phi-3.5,W2C,exposed baseline-correct,93,historical,historical,post-hoc,"Router gating controls how many baseline-correct samples are exposed, not which are safe, in this setting","generalisation beyond Phi/W2C; that a new threshold was validated",5;8
C5-1,Correction strength is protocol-conditional and evidence-graded; the frozen gate admits one and declines two modern models,YES,Qwen3-8B FORMAL_CONFIRMATORY_SUCCESS; Qwen3-4B and Gemma FORMAL_DECLINE on destination-interval conditions; exit-matched destination differences flip sign,7 models,W2C+MetaTool,varies,n/a,mixed,both,mixed,"under the prospectively frozen gate one modern model was admitted and two were declined on the destination-interval conditions, and the historical Phi setting is Steerable with preservation failure; these four settings are row-level verified. Llama and Mistral are reported as SUPPORTING breadth from secondary audit records, not as load-bearing content. Rung placement is conditional on model x dataset x channel x protocol x dose and, because the dose rule selects the smallest admissible dose, is conservative","intrinsic model correctability; model X is more correctable than model Y; margin explains rung placement",6;7
C5-2,The evidence requirement scales steeply with effect size,YES,exchange rate 30/49/93/158/245/620 exits at target-hit 0.73/0.68/0.63/0.60/0.58/0.55,n/a,n/a,analytic,n/a,analytic,n/a,n/a,"certifying majority repair requires exit counts that grow steeply as the true target-hit approaches 0.50","any application of this curve to papers not measuring the Level-2 estimand",6
C6-1,Mechanism: correction quality is a design property,NO,gating; estimator; site; dose; stability; multi-PC; Jaccard 1.000,multiple,W2C+MetaTool,varies,n/a,mixed,both,exploratory,"tool-decision errors correspond to structured partially overlapping decision-associated representations; effective intervention depends on estimator, channel matching, site, gating in many settings, and dose; representation geometry alone does not determine finite-dose destination","causal circuit; channel orthogonality; universal gating necessity; margin as mechanism",8
C5-3,The hierarchy also rejects: two historical models fail direction-specificity,NO,Llama 5/20 and 3/20 randoms >= real; Mistral 17/20 and reverse +19 > real +12,Llama-3.1-8B;Mistral-7B,W2C,locked TEST,K=20,historical,historical,post-hoc,"two historical models failed the specificity rung, showing the ladder rejects as well as admits","any row-level destination claim for these models - records are secondary-audit only (Tier C)",7
