evidence_id,model,dataset,channel,stage,repr_site,inject_site,estimator,dose,split,era,mode,quantity,result,artifact,interpretation,status
M-D1,Qwen2.5-7B,W2C,all,DISCOVER,-,-,-,-,all,historical,exploratory,error concentration,3 channels = 622/513/465 of 2052 errors (~78%),error_transition_matrix_w2c_qwen7b.csv,tool errors are structured directional transitions,RETAINED
M-D2,Qwen2.5-7B,W2C,pairwise,DISCOVER,L20,-,diffmean,-,train,historical,exploratory,same-layer cosine,rfi_tc.ca_tc 0.569 / rfi_tc.ca_direct 0.488 / ca_tc.ca_direct 0.706,qwen7b_direction_cosine_matrix.csv,channels partially overlapping not orthogonal,RETAINED
M-D3,Qwen2.5-7B,W2C,all,DISCOVER,L20,-,-,-,train,historical,exploratory,probe AUC vs silhouette,AUC 0.77-0.95 with silhouette -0.01..-0.05,qwen7b_probe_auc_by_layer.csv,linearly separable directions in overlapping clouds,RETAINED
M-D4,Qwen2.5-7B,MetaTool,both,DISCOVER,-,-,-,-,test,historical,exploratory,label-space dependence,W2C 3 channels / MetaTool 1 / ToolSandbox 0,dataset_label_space_comparison.csv,channel structure is task-dependent,RETAINED
M-R1,Qwen2.5-7B,W2C,3,DETECT,varied,-,-,-,dev,historical,exploratory,detectability vs geometry,AUC rfi 0.751 ca_tc 0.937 ca_direct 0.958 vs Q 0.236/0.663/0.648,DETECTABILITY_GEOMETRY_DISSOCIATION.md,detectability ordering differs from geometry ordering,RETAINED-DESCRIPTIVE
M-R2,Qwen2.5-7B,MetaTool,both,DETECT,L24,-,-,-,dev,historical,exploratory,Router AUC,nt_tc 0.927-0.979 tc_nt 0.947-0.991,metatool summary json,error state is strongly readable in a second corpus,RETAINED
M-R3,Qwen2.5-7B,W2C,ca_direct,DETECT,L16-L22,-,-,-,val,historical,exploratory,AUC flat across layers,AUC ~0.96 flat while Net +13->+46,channel_layer_geometry_qwen7b.csv,readability does not locate the intervention site,RETAINED
M-C1,Phi-3.5,W2C,all,CORRECT,L18,L14/L16,pca,a5/2/10,test,historical,confirmatory,gating necessity,REAL +62 vs UNGATED -32 same run,p2_independent_baselines.json,removing the gate inverts the sign,RETAINED
M-C2,Qwen2.5-7B,MetaTool,both,CORRECT,L24,L20/L22,pca1/diffmean,2.0,test,historical,confirmatory,gating necessity,gated +3/+11 vs ungated -39/-34,metatool summary json,independent replication of sign inversion,RETAINED
M-C3,Phi-3.5,W2C,all,CORRECT,L18,L14/L16,pca,locked,test,historical,confirmatory,channel matching,REAL +55 vs MISMATCHED_CHANNEL -17,p2_placebo_controls.json,correction is channel-conditional,RETAINED
M-C4,Phi-3.5,W2C,all,CORRECT,L18,L14/L16,pca,locked,test,historical,confirmatory,direction specificity,REAL +55 vs RANDOM +14 REVERSE +14 WRONG_LAYER +3,p2_placebo_controls.json,effect tied to recovered direction and site,RETAINED
M-C5,Qwen3-8B,W2C,3,CORRECT,-,-,d_grad,frozen,test,modern,confirmatory,matched-random null,0 of 59 matched randoms exceed real,frozen licence record,direction specificity in the sealed protocol,RETAINED
M-C6,Qwen2.5-7B,W2C,ca_tc,CORRECT,L20,L20,pca1 vs diffmean,-,test,historical,exploratory,estimator choice,PCA-1 +50 vs DiffMean +36 at cos(DM PC1)=0.41,ca_tc_pca_vs_diffmean_qwen7b.csv,estimator must adapt to channel geometry,RETAINED
M-C7,Qwen2.5-7B,W2C,ca_direct,CORRECT,L16 vs L20,-,diffmean,-,val+test,historical,exploratory,layer degeneracy,L16 cos(DM PC1)=0.0002 norm 2.12 -> L20 norm 14.26 Net +13->+46,channel_layer_geometry_qwen7b.csv,injection site is not interchangeable with readout site,RETAINED
M-C8,Qwen2.5-7B,W2C,all,CORRECT,L16/L20,-,diffmean/pca1,-,train,historical,exploratory,bootstrap direction stability,healthy 0.92-0.995; ca_direct@L16 diffmean 0.8235 (p05 0.687),bootstrap_direction_stability.csv,directions are not sample noise; instability flags the degenerate layer,RETAINED
M-C9,Phi-3.5,W2C,rfi_tc,CORRECT,L18,L14,pca,-,val+test,historical,exploratory,multi-PC emergence,no single PC exceeds rfi_net=7; only PC9 removal helps (+5 val +1 test),rfi_pca_mainline_progress_summary.md,correction is distributed not carried by one axis,RETAINED
M-C10,Phi-3.5,W2C,rfi_tc,CORRECT,L18,L14,pca,-,test,historical,exploratory,broke-set constancy,Jaccard=1.000 across full/minus_PC9/cum_PC0-6,rfi_pca_mainline_progress_summary.md,damage falls on a fixed vulnerable subpopulation,RETAINED
M-C11,Qwen2.5-7B,W2C,cross-model,CORRECT,-,-,mapping,-,test,historical,exploratory,mapping transfer,ridge R2=0.68 -> Net +10; procrustes R2=0.39 -> +23 but wrong-layer +35 > real,mapping_r2_vs_net.csv,representational similarity does not transfer intervention,FALSIFIED-HYPOTHESIS
M-V1,Phi-3.5,W2C,all,VERIFY,L18,L14/L16,pca,locked,test,historical,confirmatory,destination split,153 exits -> 107 gold / 46 other-wrong; target-hit 0.699,p0_final_test_details.jsonl,exit is not arrival,RETAINED
M-V2,Qwen3-4B,W2C,ca_tc,VERIFY,-,-,d_grad,q sweep,dev,modern,exploratory,dose-dependent destination,target_hit 0.525->0.911 across q,DEV_DOSE_TABLE.csv,destination quality is a dose property,RETAINED
M-V3,Qwen3-4B,W2C,ca_direct,VERIFY,-,-,d_grad,q sweep,dev,modern,exploratory,non-monotone destination,target_hit peaks 0.794 at q=0.25 then falls to 0.645,DEV_DOSE_TABLE.csv,destination is not monotone in dose,RETAINED
M-P1,Phi-3.5,W2C,all,LICENSE,L18,L14/L16,pca,locked,test,historical,confirmatory,exposure-conditional collateral,52/93 = 0.559 exposed-correct broken,p0_final_test_details.jsonl,aggregate Net conceals preservation failure,RETAINED
M-P2,Phi-3.5,W2C,all,LICENSE,L18,-,pca,a2,val,historical,exploratory,exposure drives damage,Broke/R nearly flat 13.2%->10.3% as tau 0.4->0.9,p0_val_threshold_sweep.json,gating controls preservation via exposure,RETAINED
M-P3,Qwen3-4B,W2C,ca_direct,LICENSE,-,-,d_grad,all q,dev,modern,confirmatory,vacuous preservation,router_fired_baseline_correct_exposure=0 at every dose,_SELECTED_DOSE.json,zero exposure means undefined not preserved,RETAINED-AS-CAVEAT
M-P4,Qwen3-4B,W2C,ca_tc,LICENSE,-,-,d_grad,q=0.5,dev,modern,confirmatory,E1 vs E2 gate asymmetry,E1 6/455=1.3% passes; E2 6/106=5.7% would fail,DEV_DOSE_TABLE.csv,the frozen gate uses the permissive denominator,RETAINED-AS-CAVEAT
