figure,element,value,source_artifact,status
fig1_A/B/C,"L_obs (observation layer)",26,scripts/qwen3_8b_stage0_1.py:60,verified_this_session
fig1_A/B/C,"L_inj (injection layer)",21,scripts/qwen3_8b_stage0_1.py:61,verified_this_session
fig1_A/B/C,"L_inj < L_obs => two forward passes",topology,"derived from L_OBS/L_INJ above",verified_this_session
fig1_A/B/C,"tap site = MLP output, final prompt token","L{L_OBS} MLP output final prompt token",scripts/qwen3_8b_stage0_1.py:1055,verified_this_session
fig1_A/B/C,"injection module = layers[L_INJ].mlp",hook target,scripts/qwen3_8b_stage0_1.py:1068,verified_this_session
fig1_A/B/C,"dose form h' = h + alpha*d_c",equation,"frozen protocol (q*s_c*d)",conceptual_restatement
fig1_A/B/C,"router = scaler + logistic regression","StandardScaler + LogisticRegression(C=1,L2,liblinear)",scripts/qwen3_8b_stage0_1.py:1056,verified_this_session
fig1_A/B/C,"gate rule r_c(h_obs) >= tau","smallest tau with dev precision >= 0.50",scripts/qwen3_8b_stage0_1.py:1058,verified_this_session
fig1_A/B/C,"|A_D| >= 3 adjudicability floor",3,manuscript/04_claims_limits/FINAL_CLAIM_MATRIX,carried_forward
fig1_A/B/C,"three destinations are exhaustive and exclusive",partition,"SOURCE_RETAINED | GOLD_ARRIVAL | OTHER_WRONG",definitional
fig1_A/B/C,"fixed == gold_arrivals (accuracy collapse)","fixed=40 vs gold_arrivals=38 on Qwen3-8B primary","final/results/qwen3_stage2_formal/QWEN3_STAGE2_FORMAL_RESULTS.json",verified_this_session
fig1_A/B/C,"source exit = gold arrival + other-wrong","52 = 38 + 14 (Qwen3-8B primary)",same as above,verified_this_session
fig1_A/B/C,"no model names or empirical counts appear in Figure 1",constraint,"user brief, this session",by_construction
