direction,target_gain_rate,is_real,ge_real
real_d_grad,0.08064516129032258,True,
formal_random_0,-0.008064516129032258,False,False
formal_random_1,-0.03225806451612903,False,False
formal_random_2,-0.024193548387096774,False,False
formal_random_3,-0.008064516129032258,False,False
formal_random_4,-0.03225806451612903,False,False
formal_random_5,-0.008064516129032258,False,False
formal_random_6,-0.016129032258064516,False,False
formal_random_7,-0.024193548387096774,False,False
formal_random_8,-0.024193548387096774,False,False
formal_random_9,-0.008064516129032258,False,False
formal_random_10,-0.016129032258064516,False,False
formal_random_11,-0.03225806451612903,False,False
formal_random_12,-0.03225806451612903,False,False
formal_random_13,0.0,False,False
formal_random_14,-0.008064516129032258,False,False
formal_random_15,-0.03225806451612903,False,False
formal_random_16,-0.016129032258064516,False,False
formal_random_17,-0.024193548387096774,False,False
formal_random_18,0.0,False,False
formal_random_19,0.0,False,False
formal_random_20,-0.008064516129032258,False,False
formal_random_21,-0.04032258064516129,False,False
formal_random_22,-0.008064516129032258,False,False
formal_random_23,-0.008064516129032258,False,False
formal_random_24,-0.024193548387096774,False,False
formal_random_25,-0.008064516129032258,False,False
formal_random_26,-0.016129032258064516,False,False
formal_random_27,-0.024193548387096774,False,False
formal_random_28,-0.024193548387096774,False,False
formal_random_29,0.0,False,False
formal_random_30,-0.016129032258064516,False,False
formal_random_31,-0.008064516129032258,False,False
formal_random_32,-0.024193548387096774,False,False
formal_random_33,-0.008064516129032258,False,False
formal_random_34,-0.008064516129032258,False,False
formal_random_35,-0.024193548387096774,False,False
formal_random_36,-0.03225806451612903,False,False
formal_random_37,0.0,False,False
formal_random_38,-0.008064516129032258,False,False
formal_random_39,-0.016129032258064516,False,False
formal_random_40,-0.04032258064516129,False,False
formal_random_41,-0.016129032258064516,False,False
formal_random_42,-0.024193548387096774,False,False
formal_random_43,-0.016129032258064516,False,False
formal_random_44,-0.016129032258064516,False,False
formal_random_45,-0.008064516129032258,False,False
formal_random_46,-0.024193548387096774,False,False
formal_random_47,-0.016129032258064516,False,False
formal_random_48,-0.03225806451612903,False,False
formal_random_49,-0.008064516129032258,False,False
formal_random_50,-0.016129032258064516,False,False
formal_random_51,-0.03225806451612903,False,False
formal_random_52,-0.016129032258064516,False,False
formal_random_53,-0.04032258064516129,False,False
formal_random_54,-0.024193548387096774,False,False
formal_random_55,-0.008064516129032258,False,False
formal_random_56,-0.024193548387096774,False,False
formal_random_57,-0.04838709677419355,False,False
formal_random_58,-0.016129032258064516,False,False
