arm,n_channel_error,router_fired_channel_errors,SOURCE_RETAINED,GOLD_ARRIVAL,OTHER_WRONG,source_exits,gold_arrivals,other_wrong,target_hit,target_hit_ci_lo,target_hit_ci_hi,target_gain_count,target_gain_rate,target_gain_rate_ci_lo,target_gain_rate_ci_hi,fixed,broke,net,baseline_correct_n,all_correct_collateral_count,all_correct_collateral_rate,all_correct_collateral_ci_lo,all_correct_collateral_ci_hi,eligible_at_risk_n,eligible_at_risk_collateral_rate,CORRECT_RETAINED,BROKEN_TO_SOURCE,BROKEN_TO_OTHER
zero,124,118,124,0,0,0,0,0,,,,0,0.0,0.0,0.0,0,0,0,214,0,0.0,0.0,0.0,50,0.0,214,0,0
real_d_grad,124,118,60,37,27,64,37,27,0.578125,0.45588235294117646,0.696969696969697,10,0.08064516129032258,-0.04838709677419355,0.20161290322580644,40,1,39,214,1,0.004672897196261682,0.0,0.014018691588785047,50,0.02,213,0,1
d_L26_diffmean,124,118,120,1,3,4,1,3,0.25,0.0,1.0,-2,-0.016129032258064516,-0.04838709677419355,0.016129032258064516,2,0,2,214,0,0.0,0.0,0.0,50,0.0,214,0,0
reverse_d_grad,124,118,124,0,0,0,0,0,,,,0,0.0,0.0,0.0,0,0,0,214,0,0.0,0.0,0.0,50,0.0,214,0,0
wrong_layer_d_grad,124,118,109,6,9,15,6,9,0.4,0.15384615384615385,0.6666666666666666,-3,-0.024193548387096774,-0.08870967741935484,0.03225806451612903,7,0,7,214,0,0.0,0.0,0.0,50,0.0,214,0,0
ungated_d_grad,124,124,59,37,28,65,37,28,0.5692307692307692,0.44776119402985076,0.6875,9,0.07258064516129033,-0.056451612903225805,0.19374999999999706,49,6,43,214,6,0.028037383177570093,0.009345794392523364,0.0514018691588785,186,0.03225806451612903,208,0,6
score_space,124,118,49,44,31,75,44,31,0.5866666666666667,0.4722222222222222,0.6956521739130435,13,0.10483870967741936,-0.03225806451612903,0.24193548387096775,45,6,39,214,6,0.028037383177570093,0.009345794392523364,0.0514018691588785,50,0.12,208,0,6
formal_random_0,124,118,123,0,1,1,0,1,0.0,0.0,0.0,-1,-0.008064516129032258,-0.024193548387096774,0.0,1,0,1,214,0,0.0,0.0,0.0,50,0.0,214,0,0
formal_random_1,124,118,120,0,4,4,0,4,0.0,0.0,0.0,-4,-0.03225806451612903,-0.06451612903225806,-0.008064516129032258,0,0,0,214,0,0.0,0.0,0.0,50,0.0,214,0,0
formal_random_2,124,118,121,0,3,3,0,3,0.0,0.0,0.0,-3,-0.024193548387096774,-0.056451612903225805,0.0,0,0,0,214,0,0.0,0.0,0.0,50,0.0,214,0,0
formal_random_3,124,118,121,1,2,3,1,2,0.3333333333333333,0.0,1.0,-1,-0.008064516129032258,-0.03225806451612903,0.016129032258064516,1,0,1,214,0,0.0,0.0,0.0,50,0.0,214,0,0
formal_random_4,124,118,120,0,4,4,0,4,0.0,0.0,0.0,-4,-0.03225806451612903,-0.06451612903225806,-0.008064516129032258,1,0,1,214,0,0.0,0.0,0.0,50,0.0,214,0,0
formal_random_5,124,118,121,1,2,3,1,2,0.3333333333333333,0.0,1.0,-1,-0.008064516129032258,-0.03225806451612903,0.016129032258064516,2,0,2,214,0,0.0,0.0,0.0,50,0.0,214,0,0
formal_random_6,124,118,120,1,3,4,1,3,0.25,0.0,1.0,-2,-0.016129032258064516,-0.04838709677419355,0.016129032258064516,2,0,2,214,0,0.0,0.0,0.0,50,0.0,214,0,0
formal_random_7,124,118,121,0,3,3,0,3,0.0,0.0,0.0,-3,-0.024193548387096774,-0.056451612903225805,0.0,0,0,0,214,0,0.0,0.0,0.0,50,0.0,214,0,0
formal_random_8,124,118,121,0,3,3,0,3,0.0,0.0,0.0,-3,-0.024193548387096774,-0.056451612903225805,0.0,0,0,0,214,0,0.0,0.0,0.0,50,0.0,214,0,0
formal_random_9,124,118,123,0,1,1,0,1,0.0,0.0,0.0,-1,-0.008064516129032258,-0.024193548387096774,0.0,0,0,0,214,0,0.0,0.0,0.0,50,0.0,214,0,0
formal_random_10,124,118,120,1,3,4,1,3,0.25,0.0,1.0,-2,-0.016129032258064516,-0.04838709677419355,0.016129032258064516,2,0,2,214,0,0.0,0.0,0.0,50,0.0,214,0,0
formal_random_11,124,118,120,0,4,4,0,4,0.0,0.0,0.0,-4,-0.03225806451612903,-0.06451612903225806,-0.008064516129032258,0,0,0,214,0,0.0,0.0,0.0,50,0.0,214,0,0
formal_random_12,124,118,120,0,4,4,0,4,0.0,0.0,0.0,-4,-0.03225806451612903,-0.06451612903225806,-0.008064516129032258,0,0,0,214,0,0.0,0.0,0.0,50,0.0,214,0,0
formal_random_13,124,118,124,0,0,0,0,0,,,,0,0.0,0.0,0.0,0,0,0,214,0,0.0,0.0,0.0,50,0.0,214,0,0
formal_random_14,124,118,123,0,1,1,0,1,0.0,0.0,0.0,-1,-0.008064516129032258,-0.024193548387096774,0.0,1,0,1,214,0,0.0,0.0,0.0,50,0.0,214,0,0
formal_random_15,124,118,120,0,4,4,0,4,0.0,0.0,0.0,-4,-0.03225806451612903,-0.06451612903225806,-0.008064516129032258,0,0,0,214,0,0.0,0.0,0.0,50,0.0,214,0,0
formal_random_16,124,118,120,1,3,4,1,3,0.25,0.0,1.0,-2,-0.016129032258064516,-0.04838709677419355,0.016129032258064516,2,0,2,214,0,0.0,0.0,0.0,50,0.0,214,0,0
formal_random_17,124,118,121,0,3,3,0,3,0.0,0.0,0.0,-3,-0.024193548387096774,-0.056451612903225805,0.0,1,0,1,214,0,0.0,0.0,0.0,50,0.0,214,0,0
formal_random_18,124,118,124,0,0,0,0,0,,,,0,0.0,0.0,0.0,0,0,0,214,0,0.0,0.0,0.0,50,0.0,214,0,0
formal_random_19,124,118,122,1,1,2,1,1,0.5,0.0,1.0,0,0.0,-0.024193548387096774,0.024193548387096774,1,0,1,214,0,0.0,0.0,0.0,50,0.0,214,0,0
formal_random_20,124,118,123,0,1,1,0,1,0.0,0.0,0.0,-1,-0.008064516129032258,-0.024193548387096774,0.0,0,0,0,214,0,0.0,0.0,0.0,50,0.0,214,0,0
formal_random_21,124,118,117,1,6,7,1,6,0.14285714285714285,0.0,0.5,-5,-0.04032258064516129,-0.08064516129032258,0.0,2,0,2,214,0,0.0,0.0,0.0,50,0.0,214,0,0
formal_random_22,124,118,123,0,1,1,0,1,0.0,0.0,0.0,-1,-0.008064516129032258,-0.024193548387096774,0.0,1,0,1,214,0,0.0,0.0,0.0,50,0.0,214,0,0
formal_random_23,124,118,123,0,1,1,0,1,0.0,0.0,0.0,-1,-0.008064516129032258,-0.024193548387096774,0.0,0,0,0,214,0,0.0,0.0,0.0,50,0.0,214,0,0
formal_random_24,124,118,119,1,4,5,1,4,0.2,0.0,0.6666666666666666,-3,-0.024193548387096774,-0.06451612903225806,0.008064516129032258,1,0,1,214,0,0.0,0.0,0.0,50,0.0,214,0,0
formal_random_25,124,118,123,0,1,1,0,1,0.0,0.0,0.0,-1,-0.008064516129032258,-0.024193548387096774,0.0,0,0,0,214,0,0.0,0.0,0.0,50,0.0,214,0,0
formal_random_26,124,118,120,1,3,4,1,3,0.25,0.0,1.0,-2,-0.016129032258064516,-0.04838709677419355,0.016129032258064516,1,0,1,214,0,0.0,0.0,0.0,50,0.0,214,0,0
formal_random_27,124,118,119,1,4,5,1,4,0.2,0.0,0.6666666666666666,-3,-0.024193548387096774,-0.06451612903225806,0.008064516129032258,2,0,2,214,0,0.0,0.0,0.0,50,0.0,214,0,0
formal_random_28,124,118,121,0,3,3,0,3,0.0,0.0,0.0,-3,-0.024193548387096774,-0.056451612903225805,0.0,0,0,0,214,0,0.0,0.0,0.0,50,0.0,214,0,0
formal_random_29,124,118,124,0,0,0,0,0,,,,0,0.0,0.0,0.0,0,0,0,214,0,0.0,0.0,0.0,50,0.0,214,0,0
formal_random_30,124,118,120,1,3,4,1,3,0.25,0.0,1.0,-2,-0.016129032258064516,-0.04838709677419355,0.016129032258064516,1,0,1,214,0,0.0,0.0,0.0,50,0.0,214,0,0
formal_random_31,124,118,121,1,2,3,1,2,0.3333333333333333,0.0,1.0,-1,-0.008064516129032258,-0.04032258064516129,0.016129032258064516,2,0,2,214,0,0.0,0.0,0.0,50,0.0,214,0,0
formal_random_32,124,118,121,0,3,3,0,3,0.0,0.0,0.0,-3,-0.024193548387096774,-0.056451612903225805,0.0,0,0,0,214,0,0.0,0.0,0.0,50,0.0,214,0,0
formal_random_33,124,118,119,2,3,5,2,3,0.4,0.0,1.0,-1,-0.008064516129032258,-0.04032258064516129,0.024193548387096774,3,0,3,214,0,0.0,0.0,0.0,50,0.0,214,0,0
formal_random_34,124,118,123,0,1,1,0,1,0.0,0.0,0.0,-1,-0.008064516129032258,-0.024193548387096774,0.0,0,0,0,214,0,0.0,0.0,0.0,50,0.0,214,0,0
formal_random_35,124,118,121,0,3,3,0,3,0.0,0.0,0.0,-3,-0.024193548387096774,-0.056451612903225805,0.0,1,0,1,214,0,0.0,0.0,0.0,50,0.0,214,0,0
formal_random_36,124,118,120,0,4,4,0,4,0.0,0.0,0.0,-4,-0.03225806451612903,-0.06451612903225806,-0.008064516129032258,0,0,0,214,0,0.0,0.0,0.0,50,0.0,214,0,0
formal_random_37,124,118,120,2,2,4,2,2,0.5,0.0,1.0,0,0.0,-0.03225806451612903,0.03225806451612903,2,0,2,214,0,0.0,0.0,0.0,50,0.0,214,0,0
formal_random_38,124,118,123,0,1,1,0,1,0.0,0.0,0.0,-1,-0.008064516129032258,-0.024193548387096774,0.0,0,0,0,214,0,0.0,0.0,0.0,50,0.0,214,0,0
formal_random_39,124,118,122,0,2,2,0,2,0.0,0.0,0.0,-2,-0.016129032258064516,-0.04032258064516129,0.0,1,0,1,214,0,0.0,0.0,0.0,50,0.0,214,0,0
formal_random_40,124,118,119,0,5,5,0,5,0.0,0.0,0.0,-5,-0.04032258064516129,-0.08064516129032258,-0.008064516129032258,1,0,1,214,0,0.0,0.0,0.0,50,0.0,214,0,0
formal_random_41,124,118,120,1,3,4,1,3,0.25,0.0,1.0,-2,-0.016129032258064516,-0.04838709677419355,0.016129032258064516,1,0,1,214,0,0.0,0.0,0.0,50,0.0,214,0,0
formal_random_42,124,118,121,0,3,3,0,3,0.0,0.0,0.0,-3,-0.024193548387096774,-0.056451612903225805,0.0,0,0,0,214,0,0.0,0.0,0.0,50,0.0,214,0,0
formal_random_43,124,118,120,1,3,4,1,3,0.25,0.0,1.0,-2,-0.016129032258064516,-0.04838709677419355,0.016129032258064516,2,0,2,214,0,0.0,0.0,0.0,50,0.0,214,0,0
formal_random_44,124,118,122,0,2,2,0,2,0.0,0.0,0.0,-2,-0.016129032258064516,-0.04032258064516129,0.0,0,0,0,214,0,0.0,0.0,0.0,50,0.0,214,0,0
formal_random_45,124,118,121,1,2,3,1,2,0.3333333333333333,0.0,1.0,-1,-0.008064516129032258,-0.04032258064516129,0.016129032258064516,2,0,2,214,0,0.0,0.0,0.0,50,0.0,214,0,0
formal_random_46,124,118,121,0,3,3,0,3,0.0,0.0,0.0,-3,-0.024193548387096774,-0.056451612903225805,0.0,0,0,0,214,0,0.0,0.0,0.0,50,0.0,214,0,0
formal_random_47,124,118,120,1,3,4,1,3,0.25,0.0,1.0,-2,-0.016129032258064516,-0.04838709677419355,0.016129032258064516,2,0,2,214,0,0.0,0.0,0.0,50,0.0,214,0,0
formal_random_48,124,118,120,0,4,4,0,4,0.0,0.0,0.0,-4,-0.03225806451612903,-0.06451612903225806,-0.008064516129032258,0,0,0,214,0,0.0,0.0,0.0,50,0.0,214,0,0
formal_random_49,124,118,123,0,1,1,0,1,0.0,0.0,0.0,-1,-0.008064516129032258,-0.024193548387096774,0.0,0,0,0,214,0,0.0,0.0,0.0,50,0.0,214,0,0
formal_random_50,124,118,122,0,2,2,0,2,0.0,0.0,0.0,-2,-0.016129032258064516,-0.04032258064516129,0.0,0,0,0,214,0,0.0,0.0,0.0,50,0.0,214,0,0
formal_random_51,124,118,120,0,4,4,0,4,0.0,0.0,0.0,-4,-0.03225806451612903,-0.06451612903225806,-0.008064516129032258,0,0,0,214,0,0.0,0.0,0.0,50,0.0,214,0,0
formal_random_52,124,118,122,0,2,2,0,2,0.0,0.0,0.0,-2,-0.016129032258064516,-0.04032258064516129,0.0,0,0,0,214,0,0.0,0.0,0.0,50,0.0,214,0,0
formal_random_53,124,118,119,0,5,5,0,5,0.0,0.0,0.0,-5,-0.04032258064516129,-0.08064516129032258,-0.008064516129032258,1,0,1,214,0,0.0,0.0,0.0,50,0.0,214,0,0
formal_random_54,124,118,121,0,3,3,0,3,0.0,0.0,0.0,-3,-0.024193548387096774,-0.056451612903225805,0.0,0,0,0,214,0,0.0,0.0,0.0,50,0.0,214,0,0
formal_random_55,124,118,121,1,2,3,1,2,0.3333333333333333,0.0,1.0,-1,-0.008064516129032258,-0.04032258064516129,0.016129032258064516,1,0,1,214,0,0.0,0.0,0.0,50,0.0,214,0,0
formal_random_56,124,118,121,0,3,3,0,3,0.0,0.0,0.0,-3,-0.024193548387096774,-0.056451612903225805,0.0,1,0,1,214,0,0.0,0.0,0.0,50,0.0,214,0,0
formal_random_57,124,118,118,0,6,6,0,6,0.0,0.0,0.0,-6,-0.04838709677419355,-0.08870967741935484,-0.016129032258064516,0,0,0,214,0,0.0,0.0,0.0,50,0.0,214,0,0
formal_random_58,124,118,122,0,2,2,0,2,0.0,0.0,0.0,-2,-0.016129032258064516,-0.04032258064516129,0.0,0,0,0,214,0,0.0,0.0,0.0,50,0.0,214,0,0
