claim_id,section,model,channel,protocol_generation,statistic,value,numerator,denominator,ci,source_artifact,evidence_generation,status_note
A1,R3.1,Qwen3-8B,ca->tc,modern formal,channel errors,87,,,,final/results/qwen3_stage2_formal/QWEN3_STAGE2_FORMAL_RESULTS.json,SEALED formal,historical frozen
A2,R3.1,Qwen3-8B,ca->tc,modern formal,source exits,52,,,,same,SEALED formal,
A3,R3.1,Qwen3-8B,ca->tc,modern formal,gold arrivals,38,,,,same,SEALED formal,
A4,R3.1,Qwen3-8B,ca->tc,modern formal,other-wrong,14,,,,same,SEALED formal,
A5,R3.1,Qwen3-8B,ca->tc,modern formal,target-hit,0.730769,38,52,"[0.6042,0.8462]",same,SEALED formal,CI lower > 0.50 PASS
A6,R3.1,Qwen3-8B,ca->tc,modern formal,Target Gain,0.275862,24,87,"[0.1149,0.4253]",same,SEALED formal,CI lower > 0 PASS
A7,R3.1,Qwen3-8B,ca->tc,modern formal,Fixed/Broke/Net,40/0/+40,,,,same,SEALED formal,
A8,R3.1,Qwen3-8B,ca->tc,modern formal,randoms >= real,0/59,0,59,,same,SEALED formal,p_add_one 0.016667
A9,R3.1,Qwen3-8B,ca->tc,modern formal,collateral E1 (frozen),0.0000,0,211,"[0,0]",same,SEALED formal,HISTORICAL_FORMAL_STATUS: PASS
A10,R3.8,Qwen3-8B,ca->tc,retrospective audit,collateral E2 (exposed),0.0000,0,6,1-sided 95% upper 0.393,research_exploration/sakiko_generalization_phase/PRESERVATION_HISTORICAL_REANALYSIS.csv,retrospective,RETROSPECTIVE_PRESERVATION_STATUS: UNCERTIFIABLE
B1,R3.2,Qwen3-4B,ca->tc,modern formal,channel errors,124,,,,final/results/qwen3_4b_w2c_formal_v1/QWEN3_4B_FORMAL_RESULTS.json,SEALED formal,
B2,R3.2,Qwen3-4B,ca->tc,modern formal,exits/gold/other,64/37/27,,,,same,SEALED formal,
B3,R3.2,Qwen3-4B,ca->tc,modern formal,target-hit,0.578125,37,64,lower 0.4545,same,SEALED formal,COND 6 FAIL
B4,R3.2,Qwen3-4B,ca->tc,modern formal,Target Gain,0.080645,,124,lower -0.0484,same,SEALED formal,COND 3 FAIL
B5,R3.2,Qwen3-4B,ca->tc,modern formal,Fixed/Broke/Net,40/1/+39,,,,same,SEALED formal,
B6,R3.2,Qwen3-4B,ca->tc,modern formal,randoms >= real,0/59,0,59,,same,SEALED formal,specificity PASS
B7,R3.2,Qwen3-4B,ca->tc,modern formal,collateral E1,0.0047,1,214,,same,SEALED formal,
B8,R3.8,Qwen3-4B,ca->tc,retrospective,collateral E2,0.0200,1,50,upper 0.0914,PRESERVATION_HISTORICAL_REANALYSIS.csv,retrospective,uncertifiable at 0.05
C1,R3.2,Gemma-2-9B,ca->tc,modern formal,channel errors,96,,,,panel_v1/gemma/formal_freeze/FORMAL_RESULTS.json,SEALED formal,
C2,R3.2,Gemma-2-9B,ca->tc,modern formal,exits/gold/other,27/17/10,,,,same,SEALED formal,
C3,R3.2,Gemma-2-9B,ca->tc,modern formal,target-hit,0.629630,17,27,"[0.4444,0.8148]",same,SEALED formal,COND 6 FAIL
C4,R3.2,Gemma-2-9B,ca->tc,modern formal,Target Gain,0.072917,,96,"[-0.0312,0.1771]",same,SEALED formal,COND 3 FAIL
C5,R3.2,Gemma-2-9B,ca->tc,modern formal,Fixed/Broke/Net,17/1/+16,,,,same,SEALED formal,
C6,R3.2,Gemma-2-9B,ca->tc,modern formal,randoms >= real,0/59,0,59,,same,SEALED formal,p 0.016667
C7,R3.2,Gemma-2-9B,ca->tc,modern formal,reverse exits,0,0,96,,same,SEALED formal,
C8,R3.2,Gemma-2-9B,ca->tc,modern formal,collateral E1,0.0045,1,223,"CP95 [0.0001,0.0247]",same,SEALED formal,PASS frozen
C9,R3.8,Gemma-2-9B,ca->tc,retrospective,collateral E2,0.0909,1,11,upper 0.3644,PRESERVATION_HISTORICAL_REANALYSIS.csv,retrospective,uncertifiable
C10,R3.2,Gemma-2-9B,ca->tc,DEV,DEV target-hit / TG,0.6667 / 0.0881,,193,"TG CI [0.0155,0.1606]",panel_v1/gemma/DOSE_SELECTION.json,DEV,DEV vs SEALED comparison
D1,R3.3,Qwen3.5-9B,ca->tc,modern,DEV reference support,29,,,gate 30,research_exploration/qwen35_sakiko/QWEN35_CHANNEL_DISCOVERY.json,frozen split,SUPPORT_NO_GO
D2,R3.3,Qwen3.5-9B,rfi->tc,modern,DEV ROC-AUC,0.7270,,,"[0.6865,0.7664]",QWEN35_ROUTER_METRICS.json,DEV,"READABILITY_FAIL, gate 0.75"
D3,R3.3,Qwen3.5-9B,ca->tc,retrospective resplit,eligible frequency,0.567,17,30,,sakiko_robustness_audit/STRUCTURAL_SPLIT_SENSITIVITY.csv,retrospective,SPLIT_SENSITIVE - NOT a formal verdict
D4,R3.3,Qwen3.5-9B,ca->tc,retrospective resplit,dev_ref min/med/max,28/34/43,,30 splits,,same,retrospective,frozen split gave 29 (lower tail)
D5,R3.3,Qwen3.5-9B,rfi->tc,retrospective resplit,eligible frequency,1.000,30,30,,same,retrospective,ROBUSTLY_ELIGIBLE
D6,R3.3,Gemma-2-9B,all 3,retrospective resplit,eligible frequency,1.000,30,30,,same,retrospective,eligibility not luck
D7,R3.3,Qwen3.5-9B,-,modern,SEALED accessed,NO,,,,QWEN35_TERMINAL_VERDICT.md,-,never opened
E1,R3.4,Phi-3.5,3 channels,historical locked,Fixed/Broke/Net,107/52/+55,,,,final/results/clean/p0_final_test_eval.json,historical,
E2,R3.4,Phi-3.5,3 channels,retrospective,collateral E1,0.1970,52,264,"CP95 [0.1507,0.2501]",historical_sakiko_license_stress_test_v1,retrospective,3.9x bound
E3,R3.4,Phi-3.5,3 channels,retrospective,collateral E2,0.5591,52,93,upper 0.6468,same,retrospective,11.2x bound
E4,R3.6,Qwen2.5-7B,W2C,historical,multi-seed Net,+92.0 +/- 19.8,,5 seeds,min 63 max 124,PHASE6_EVIDENCE_RECONSTRUCTION_AND_AUDIT.md,historical,"n_random=10 for seeds 42,123; n_random=1 for 456,789,2024"
F1,R3.4,Mistral-7B,rfi_tc,Phase-5 development,randoms >= real,17/20,17,20,,mistral7b_w2c_sakiko_ca/FINAL_REPORT.md,development,real +12 < random mean +29; reverse +19 > real
F2,R3.4,Mistral-7B,ca_tc,Phase-5 development,randoms >= real,1/20,1,20,,same,development,direction-specific w/ large generic component; reverse retains 88%
F3,R3.4,Llama-3.1-8B,ca_tc,Actionability Gate v2 locked TEST,randoms >= real,5/20,5,20,spec_z 0.879,phase8_prospective_llama/LLAMA_PROSPECTIVE_RESULTS.csv,locked one-shot TEST,SPECIFICITY_FAIL - NOT a clean steerable-not-correctable example
F4,R3.4,Llama-3.1-8B,ca_tc,locked TEST,gold / other-wrong,19 / 44,,63,,same,locked TEST,descriptive redistribution only
G1,R3.7,Qwen2.5-7B,-,ACEBench readout,accuracy,0.7562,,800,,acebench_generation_readout/baseline/,prospective locked,9/10 criteria
G2,R3.7,Qwen2.5-7B,-,ACEBench,macro-F1,0.6868,,800,,same,prospective locked,
G3,R3.7,Qwen2.5-7B,-,ACEBench,en / zh accuracy,0.805 / 0.7075,,400 / 400,,same,prospective locked,
G4,R3.7,Qwen2.5-7B,-,ACEBench,max class share,0.675,540,800,,same,prospective locked,4/4 modes >=5%
G5,R3.7,Qwen2.5-7B,-,ACEBench,replay determinism,1.000,50,50,,same,prospective locked,
G6,R3.7,Qwen2.5-7B,-,ACEBench,parser mislabel,0.0098,1,102,95% upper ~0.046,PARSER_VALIDATION_REPORT.md,audited subset,STRATIFICATION UNDOCUMENTED - subset estimate only
G7,R3.7,-,-,ACEBench,qualifying channels,0,0,10 transitions,,R0_BASELINE_VALIDITY_DECISION.md,prospective locked,ADJUDICABILITY STOP
G8,R3.7,-,-,ACEBench,licence outcome,NONE,,,,-,-,prior development corpus; no intervention
H1,R3.5,-,-,rule ladder,Net>0 accepts,9,9,9,,sakiko_standard_stress_test/LICENCE_VS_SIMPLE_RULES.csv,retrospective,
H2,R3.5,-,-,rule ladder,+specificity accepts,6,6,9,,same,retrospective,"removes Llama x2, Mistral rfi_tc"
H3,R3.5,-,-,rule ladder,+destination accepts,5,5,9,,same,retrospective,no change beyond specificity on formal units
H4,R3.5,-,-,rule ladder,+collateral accepts,4,4,9,,same,retrospective,removes Phi (sole catcher)
H5,R3.5,-,-,rule ladder,+non-vacuity accepts,3,3,9,,same,retrospective,removes Gemma ca->direct
H6,R3.5,-,-,rule ladder,full licence accepts,1,1,9,,same,retrospective,"removes Qwen3-4B, Gemma"
H7,R3.5,-,-,pathology battery,conditions that are sole catchers,3,3,10,,LICENCE_PATHOLOGY_COVERAGE_MATRIX.csv,simulation,"random null, zero control, non-vacuity"
H8,R3.5,-,-,pathology battery,low-yield gap,ADMITS,,,,same,simulation,"200 errors, 8 exits, all gold -> passes"
H9,R3.6,-,-,operating characteristics,P(ADMIT) at ADMIT effect,0.930,,,,LICENCE_POWER_CURVES.md,simulation,n for 80% power: 75
H10,R3.6,-,-,operating characteristics,P(ADMIT) at DECLINE effects,0.190 / 0.250,,,,same,simulation,4B / Gemma
H11,R3.6,-,-,Router determinism,coef delta over 20 seeds,0.000e+00,,20,cosine 1.000000000000,sakiko_robustness_audit/,CPU test,CONDITIONALLY_DETERMINISTIC
