figure,panel,element,meaning,source_artifact,exact_value,generation,notes
F1,A,ladder nodes,conceptual structure,manuscript/04_claims_limits/FINAL_SAKIKO_DEFINITIONS.md,-,conceptual,schematic; no data
F1,A,Qwen3.5 exemplar,adjudicability stop,qwen35_sakiko/QWEN35_CHANNEL_DISCOVERY.json,dev ref 29 vs gate 30,prospective,split-sensitive; see F2 note
F1,A,Qwen3.5 rfi->tc exemplar,readability stop,qwen35_sakiko/QWEN35_ROUTER_METRICS.json,DEV ROC-AUC 0.7270,prospective,"CI [0.6865,0.7664]"
F1,A,Mistral exemplar,specificity failure,mistral7b_w2c_sakiko_ca/FINAL_REPORT.md,17/20 randoms >= real,development,older protocol generation
F1,A,Qwen3-4B/Gemma exemplar,certification failure,formal results JSONs,CI lower -0.0484 / -0.0327,SEALED formal,conditions 3 and 6
F1,A,Qwen3-8B exemplar,ADMIT,qwen3_stage2_formal/QWEN3_STAGE2_FORMAL_RESULTS.json,10/10 conditions,SEALED formal,E1 preservation only
F1,B,destination fan-out,SOURCE_RETAINED/GOLD_ARRIVAL/OTHER_WRONG,FINAL_SAKIKO_DEFINITIONS.md,-,conceptual,requires |A_D|>=3
F2,-,Qwen3-8B row,all rungs pass,qwen3_stage2_formal,10/10,SEALED formal,"dagger: E1 only, E2 uncertified"
F2,-,Qwen3-4B row,destination certification fail,qwen3_4b_w2c_formal_v1,"cond 3,6 FAIL",SEALED formal,
F2,-,Gemma ca->tc row,destination certification fail,panel_v1/gemma/formal_freeze,"cond 3,6 FAIL",SEALED formal,
F2,-,Gemma ca->direct row,vacuous preservation,panel_v1/gemma/DEV_CONJUNCTION.json,0 exposed correct,DEV,cond 11 fail
F2,-,Qwen3.5 rows,adjudicability / readability,qwen35_sakiko/,29 vs 30; AUC 0.7270,prospective,SEALED never opened
F2,-,Mistral / Llama rows,specificity fail,respective packages,17/20; 5/20,development / locked TEST,historical protocol generation
F2,-,Phi row,preservation fail,historical_sakiko_license_stress_test_v1,52/93 exposed,retrospective,historical result re-adjudicated
F2,-,ACEBench row,adjudicability stop,acebench_generation_readout,0 of >=2 channels qualify,prospective locked,framework instantiation only
F3,A,Net bars,Fixed - Broke,formal results JSONs,+40 / +39 / +16,SEALED formal,
F3,B,destination composition,retained/gold/other,formal results JSONs,87:52:38:14 / 124:64:37:27 / 96:27:17:10,SEALED formal,
F4,A,E1 vs E2 denominators,dilution,PRESERVATION_HISTORICAL_REANALYSIS.csv,6/211 · 50/214 · 11/223 · 93/264,frozen + retrospective,
F4,B,E1 point,frozen endpoint,same,0.0000 · 0.0047 · 0.0045 · 0.1970,frozen formal,
F4,B,E2 point,exposure-conditional,same,0.0000 · 0.0200 · 0.0909 · 0.5591,retrospective,
F4,B,upper bound,Clopper-Pearson one-sided 95%,recomputed this session,0.3930 · 0.0914 · 0.3644 · 0.6468,retrospective,verified
