item,source_file,fixed,broke,net,fixed_minus_broke,consistent
qwen_locked_test,final/results/7b_w2c_sakiko/qwen25_7b_locked_test_summary.json,92,13,79,79,True
placebo_real,final/results/7b_w2c_sakiko/qwen25_7b_placebo_controls.json,92,13,79,79,True
placebo_reverse,final/results/7b_w2c_sakiko/qwen25_7b_placebo_controls.json,17,1,16,16,True
placebo_ungated,final/results/7b_w2c_sakiko/qwen25_7b_placebo_controls.json,116,22,94,94,True
taskA_archived_cascade,final/results/7b_w2c_sakiko/method_diagnostics/gpu_confirmation/followup_locked_tests/taskA_ca_direct_l20_cascade.json,94,13,81,81,True
taskA_updated_cascade,final/results/7b_w2c_sakiko/method_diagnostics/gpu_confirmation/followup_locked_tests/taskA_ca_direct_l20_cascade.json,130,13,117,117,True
taskB_diffmean_val,final/results/7b_w2c_sakiko/method_diagnostics/gpu_confirmation/followup_locked_tests/taskB_ca_tc_pca_vs_diffmean.json,33,5,28,28,True
taskB_diffmean_test,final/results/7b_w2c_sakiko/method_diagnostics/gpu_confirmation/followup_locked_tests/taskB_ca_tc_pca_vs_diffmean.json,37,1,36,36,True
taskB_pca1_val,final/results/7b_w2c_sakiko/method_diagnostics/gpu_confirmation/followup_locked_tests/taskB_ca_tc_pca_vs_diffmean.json,49,5,44,44,True
taskB_pca1_test,final/results/7b_w2c_sakiko/method_diagnostics/gpu_confirmation/followup_locked_tests/taskB_ca_tc_pca_vs_diffmean.json,51,1,50,50,True
partC_rfi_tc_diffmean,final/results/7b_w2c_sakiko/method_diagnostics/gpu_confirmation/partC_direction_comparison.json,52,19,33,33,True
partC_rfi_tc_pca1,final/results/7b_w2c_sakiko/method_diagnostics/gpu_confirmation/partC_direction_comparison.json,46,17,29,29,True
partC_rfi_tc_pca_top10,final/results/7b_w2c_sakiko/method_diagnostics/gpu_confirmation/partC_direction_comparison.json,46,17,29,29,True
partC_ca_tc_diffmean,final/results/7b_w2c_sakiko/method_diagnostics/gpu_confirmation/partC_direction_comparison.json,33,5,28,28,True
partC_ca_tc_pca1,final/results/7b_w2c_sakiko/method_diagnostics/gpu_confirmation/partC_direction_comparison.json,49,5,44,44,True
partC_ca_tc_pca_top10,final/results/7b_w2c_sakiko/method_diagnostics/gpu_confirmation/partC_direction_comparison.json,49,5,44,44,True
partC_ca_direct_diffmean,final/results/7b_w2c_sakiko/method_diagnostics/gpu_confirmation/partC_direction_comparison.json,13,0,13,13,True
partC_ca_direct_pca1,final/results/7b_w2c_sakiko/method_diagnostics/gpu_confirmation/partC_direction_comparison.json,6,0,6,6,True
partC_ca_direct_pca_top10,final/results/7b_w2c_sakiko/method_diagnostics/gpu_confirmation/partC_direction_comparison.json,9,0,9,9,True
multiseed_seed42,final/results/7b_w2c_sakiko/multiseed/qwen25_7b_multiseed_results.json,88,25,63,63,True
multiseed_seed123,final/results/7b_w2c_sakiko/multiseed/qwen25_7b_multiseed_results.json,87,2,85,85,True
multiseed_seed456,final/results/7b_w2c_sakiko/multiseed/qwen25_7b_multiseed_results.json,120,22,98,98,True
multiseed_seed789,final/results/7b_w2c_sakiko/multiseed/qwen25_7b_multiseed_results.json,142,18,124,124,True
multiseed_seed2024,final/results/7b_w2c_sakiko/multiseed/qwen25_7b_multiseed_results.json,109,19,90,90,True
