channel,obs_layer,cv_auc_5fold,n_pos,n_neg,method,source
rfi_tc,12,0.7078,622,1600,LR_liblinear_5foldCV,local acts_L12.npy (uncommitted)
rfi_tc,16,0.7286,622,1600,LR_liblinear_5foldCV,local acts_L16.npy (uncommitted)
rfi_tc,18,0.7336,622,1600,LR_liblinear_5foldCV,local acts_L18.npy (uncommitted)
rfi_tc,20,0.7666,622,1600,LR_liblinear_5foldCV,local acts_L20.npy (uncommitted)
rfi_tc,22,0.749,622,1600,LR_liblinear_5foldCV,local acts_L22.npy (uncommitted)
ca_tc,12,0.9208,513,1600,LR_liblinear_5foldCV,local acts_L12.npy (uncommitted)
ca_tc,16,0.9532,513,1600,LR_liblinear_5foldCV,local acts_L16.npy (uncommitted)
ca_tc,18,0.9511,513,1600,LR_liblinear_5foldCV,local acts_L18.npy (uncommitted)
ca_tc,20,0.9511,513,1600,LR_liblinear_5foldCV,local acts_L20.npy (uncommitted)
ca_tc,22,0.9509,513,1600,LR_liblinear_5foldCV,local acts_L22.npy (uncommitted)
ca_direct,12,0.9135,465,1600,LR_liblinear_5foldCV,local acts_L12.npy (uncommitted)
ca_direct,16,0.9354,465,1600,LR_liblinear_5foldCV,local acts_L16.npy (uncommitted)
ca_direct,18,0.9507,465,1600,LR_liblinear_5foldCV,local acts_L18.npy (uncommitted)
ca_direct,20,0.9441,465,1600,LR_liblinear_5foldCV,local acts_L20.npy (uncommitted)
ca_direct,22,0.9396,465,1600,LR_liblinear_5foldCV,local acts_L22.npy (uncommitted)
