component,phase,input,output,scientific_role
Baseline error topology,OFFLINE,baseline predictions + gold,directed g->s transition counts,establishes which errors actually occur and in which direction
Channel discovery,OFFLINE,directed transition counts + support gate,supported channel c=(g->s),selects the unit of analysis without assuming it
Router training,OFFLINE,TRAIN h_obs rows + channel labels,"logistic weights, tau",builds a per-channel detector; not a neural network
Direction estimation,OFFLINE,TRAIN gradients at L_inj (gold vs source),d_c,channel-specific candidate direction; no universal steering vector
Frozen Transformer,PASS1+PASS2,tokenised request + tool context,hidden states / action scores,the system under study; theta never updated
Observation activation h_obs,PASS1,forward pass to layer 26,cached vector at layers[26].mlp final prompt token,the representation the router reads
Router decision,BETWEEN PASSES,cached h_obs (NumPy),p_c and fire/hold,gates whether pass 2 happens at all; runs outside the model graph
Injection,PASS2,h at layers[21].mlp + d_c + alpha,h' = h + alpha*d_c,the only thing that changes in the whole system
Action readout,PASS2,intervened forward pass,a-hat-prime over A_D,returns the intervention to the real multiclass decision space
Destination accounting,EVALUATION,a-hat-prime on channel-error rows,SOURCE_RETAINED / GOLD_ARRIVAL / OTHER_WRONG,separates persistence from repair from redistribution
Preservation accounting,EVALUATION,a-hat-prime on baseline-correct router-exposed rows,CORRECT_RETAINED / BROKEN,collateral estimand on a disjoint population; never netted against repairs
Causal controls,EVALUATION,"zero, K=59 matched random, reverse, wrong layer, ungated, score-space",null comparison,tests direction-specificity rather than generic perturbation
Licence decision,EVALUATION,all evidence under the frozen conjunction,ADMIT / DECLINE / NO-GO,an epistemic judgement about the claim; not a model property
