n_channel_error,true_exit_rate,true_target_hit,implied_true_target_gain,n_exposed_correct,true_collateral,P_ADMIT,dominant_failure,frac_precision_fail,frac_collateral_fail,frac_vacuous
30,0.28,0.55,0.028,0,0.0,0.0,precision,0.9583,0.0,0.0417
30,0.28,0.55,0.028,0,0.02,0.0,precision,0.975,0.0,0.025
30,0.28,0.55,0.028,11,0.0,0.075,precision,0.925,0.0,0.0
30,0.28,0.55,0.028,11,0.02,0.025,precision,0.975,0.0,0.0
30,0.28,0.55,0.028,50,0.0,0.025,precision,0.975,0.0,0.0
30,0.28,0.55,0.028,50,0.02,0.0167,precision,0.9833,0.0,0.0
30,0.45,0.55,0.045,0,0.0,0.0,precision,0.9333,0.0,0.0667
30,0.45,0.55,0.045,0,0.02,0.0,precision,0.9417,0.0,0.0583
30,0.45,0.55,0.045,11,0.0,0.05,precision,0.95,0.0,0.0
30,0.45,0.55,0.045,11,0.02,0.075,precision,0.925,0.0,0.0
30,0.45,0.55,0.045,50,0.0,0.0333,precision,0.9667,0.0,0.0
30,0.45,0.55,0.045,50,0.02,0.075,precision,0.925,0.0,0.0
30,0.28,0.6,0.056,0,0.0,0.0,precision,0.9167,0.0,0.0833
30,0.28,0.6,0.056,0,0.02,0.0,precision,0.8667,0.0,0.1333
30,0.28,0.6,0.056,11,0.0,0.1,precision,0.9,0.0,0.0
30,0.28,0.6,0.056,11,0.02,0.075,precision,0.925,0.0,0.0
30,0.28,0.6,0.056,50,0.0,0.0583,precision,0.9417,0.0,0.0
30,0.28,0.6,0.056,50,0.02,0.075,precision,0.925,0.0,0.0
30,0.45,0.6,0.09,0,0.0,0.0,precision,0.8917,0.0,0.1083
30,0.45,0.6,0.09,0,0.02,0.0,precision,0.9083,0.0,0.0917
30,0.45,0.6,0.09,11,0.0,0.1,precision,0.9,0.0,0.0
30,0.45,0.6,0.09,11,0.02,0.0833,precision,0.9167,0.0,0.0
30,0.45,0.6,0.09,50,0.0,0.0833,precision,0.9167,0.0,0.0
30,0.45,0.6,0.09,50,0.02,0.0833,precision,0.9167,0.0,0.0
30,0.28,0.65,0.084,0,0.0,0.0,precision,0.8333,0.0,0.1667
30,0.28,0.65,0.084,0,0.02,0.0,precision,0.8583,0.0,0.1417
30,0.28,0.65,0.084,11,0.0,0.1083,precision,0.8917,0.0,0.0
30,0.28,0.65,0.084,11,0.02,0.1167,precision,0.8833,0.0,0.0
30,0.28,0.65,0.084,50,0.0,0.1583,precision,0.8417,0.0,0.0
30,0.28,0.65,0.084,50,0.02,0.075,precision,0.925,0.0,0.0
30,0.45,0.65,0.135,0,0.0,0.0,precision,0.8417,0.0,0.1583
30,0.45,0.65,0.135,0,0.02,0.0,precision,0.8083,0.0,0.1917
30,0.45,0.65,0.135,11,0.0,0.2083,precision,0.7917,0.0,0.0
30,0.45,0.65,0.135,11,0.02,0.1917,precision,0.8083,0.0,0.0
30,0.45,0.65,0.135,50,0.0,0.1417,precision,0.8583,0.0,0.0
30,0.45,0.65,0.135,50,0.02,0.1667,precision,0.8333,0.0,0.0
30,0.28,0.7,0.112,0,0.0,0.0,precision,0.8083,0.0,0.1917
30,0.28,0.7,0.112,0,0.02,0.0,precision,0.825,0.0,0.175
30,0.28,0.7,0.112,11,0.0,0.2,precision,0.8,0.0,0.0
30,0.28,0.7,0.112,11,0.02,0.2167,precision,0.7833,0.0,0.0
30,0.28,0.7,0.112,50,0.0,0.25,precision,0.75,0.0,0.0
30,0.28,0.7,0.112,50,0.02,0.2083,precision,0.7833,0.0083,0.0
30,0.45,0.7,0.18,0,0.0,0.0,precision,0.75,0.0,0.25
30,0.45,0.7,0.18,0,0.02,0.0,precision,0.75,0.0,0.25
30,0.45,0.7,0.18,11,0.0,0.3333,precision,0.6667,0.0,0.0
30,0.45,0.7,0.18,11,0.02,0.2667,precision,0.7333,0.0,0.0
30,0.45,0.7,0.18,50,0.0,0.2417,precision,0.7583,0.0,0.0
30,0.45,0.7,0.18,50,0.02,0.3,precision,0.7,0.0,0.0
30,0.28,0.75,0.14,0,0.0,0.0,precision,0.725,0.0,0.275
30,0.28,0.75,0.14,0,0.02,0.0,precision,0.6333,0.0,0.3667
30,0.28,0.75,0.14,11,0.0,0.2667,precision,0.7333,0.0,0.0
30,0.28,0.75,0.14,11,0.02,0.35,precision,0.65,0.0,0.0
30,0.28,0.75,0.14,50,0.0,0.2667,precision,0.7333,0.0,0.0
30,0.28,0.75,0.14,50,0.02,0.3167,precision,0.6833,0.0,0.0
30,0.45,0.75,0.225,0,0.0,0.0,precision,0.55,0.0,0.45
30,0.45,0.75,0.225,0,0.02,0.0,precision,0.5167,0.0,0.4833
30,0.45,0.75,0.225,11,0.0,0.5167,precision,0.4833,0.0,0.0
30,0.45,0.75,0.225,11,0.02,0.425,precision,0.575,0.0,0.0
30,0.45,0.75,0.225,50,0.0,0.4333,precision,0.5667,0.0,0.0
30,0.45,0.75,0.225,50,0.02,0.4667,precision,0.5333,0.0,0.0
50,0.28,0.55,0.028,0,0.0,0.0,precision,0.95,0.0,0.05
50,0.28,0.55,0.028,0,0.02,0.0,precision,0.9583,0.0,0.0417
50,0.28,0.55,0.028,11,0.0,0.0417,precision,0.9583,0.0,0.0
50,0.28,0.55,0.028,11,0.02,0.0417,precision,0.9583,0.0,0.0
50,0.28,0.55,0.028,50,0.0,0.05,precision,0.95,0.0,0.0
50,0.28,0.55,0.028,50,0.02,0.025,precision,0.975,0.0,0.0
50,0.45,0.55,0.045,0,0.0,0.0,precision,0.95,0.0,0.05
50,0.45,0.55,0.045,0,0.02,0.0,precision,0.9333,0.0,0.0667
50,0.45,0.55,0.045,11,0.0,0.0583,precision,0.9417,0.0,0.0
50,0.45,0.55,0.045,11,0.02,0.0417,precision,0.9583,0.0,0.0
50,0.45,0.55,0.045,50,0.0,0.0583,precision,0.9417,0.0,0.0
50,0.45,0.55,0.045,50,0.02,0.075,precision,0.925,0.0,0.0
50,0.28,0.6,0.056,0,0.0,0.0,precision,0.9,0.0,0.1
50,0.28,0.6,0.056,0,0.02,0.0,precision,0.825,0.0,0.175
50,0.28,0.6,0.056,11,0.0,0.1,precision,0.9,0.0,0.0
50,0.28,0.6,0.056,11,0.02,0.0833,precision,0.9167,0.0,0.0
50,0.28,0.6,0.056,50,0.0,0.125,precision,0.875,0.0,0.0
50,0.28,0.6,0.056,50,0.02,0.0917,precision,0.9,0.0083,0.0
50,0.45,0.6,0.09,0,0.0,0.0,precision,0.8583,0.0,0.1417
50,0.45,0.6,0.09,0,0.02,0.0,precision,0.8917,0.0,0.1083
50,0.45,0.6,0.09,11,0.0,0.0917,precision,0.9083,0.0,0.0
50,0.45,0.6,0.09,11,0.02,0.1167,precision,0.8833,0.0,0.0
50,0.45,0.6,0.09,50,0.0,0.1167,precision,0.8833,0.0,0.0
50,0.45,0.6,0.09,50,0.02,0.1667,precision,0.8333,0.0,0.0
50,0.28,0.65,0.084,0,0.0,0.0,precision,0.825,0.0,0.175
50,0.28,0.65,0.084,0,0.02,0.0,precision,0.8833,0.0,0.1167
50,0.28,0.65,0.084,11,0.0,0.175,precision,0.825,0.0,0.0
50,0.28,0.65,0.084,11,0.02,0.1833,precision,0.8167,0.0,0.0
50,0.28,0.65,0.084,50,0.0,0.1583,precision,0.8417,0.0,0.0
50,0.28,0.65,0.084,50,0.02,0.2167,precision,0.7833,0.0,0.0
50,0.45,0.65,0.135,0,0.0,0.0,precision,0.6583,0.0,0.3417
50,0.45,0.65,0.135,0,0.02,0.0,precision,0.7083,0.0,0.2917
50,0.45,0.65,0.135,11,0.0,0.3,precision,0.7,0.0,0.0
50,0.45,0.65,0.135,11,0.02,0.3,precision,0.7,0.0,0.0
50,0.45,0.65,0.135,50,0.0,0.3167,precision,0.6833,0.0,0.0
50,0.45,0.65,0.135,50,0.02,0.3417,precision,0.6583,0.0,0.0
50,0.28,0.7,0.112,0,0.0,0.0,precision,0.7,0.0,0.3
50,0.28,0.7,0.112,0,0.02,0.0,precision,0.7,0.0,0.3
50,0.28,0.7,0.112,11,0.0,0.275,precision,0.725,0.0,0.0
50,0.28,0.7,0.112,11,0.02,0.2917,precision,0.7083,0.0,0.0
50,0.28,0.7,0.112,50,0.0,0.3,precision,0.7,0.0,0.0
50,0.28,0.7,0.112,50,0.02,0.2917,precision,0.7083,0.0,0.0
50,0.45,0.7,0.18,0,0.0,0.0,precision,0.5833,0.0,0.4167
50,0.45,0.7,0.18,0,0.02,0.0,precision,0.55,0.0,0.45
50,0.45,0.7,0.18,11,0.0,0.4333,precision,0.5667,0.0,0.0
50,0.45,0.7,0.18,11,0.02,0.4833,precision,0.5167,0.0,0.0
50,0.45,0.7,0.18,50,0.0,0.4833,precision,0.5167,0.0,0.0
50,0.45,0.7,0.18,50,0.02,0.4333,precision,0.5667,0.0,0.0
50,0.28,0.75,0.14,0,0.0,0.0,precision,0.5333,0.0,0.4667
50,0.28,0.75,0.14,0,0.02,0.0,precision,0.6417,0.0,0.3583
50,0.28,0.75,0.14,11,0.0,0.475,precision,0.525,0.0,0.0
50,0.28,0.75,0.14,11,0.02,0.3833,precision,0.6167,0.0,0.0
50,0.28,0.75,0.14,50,0.0,0.4667,precision,0.5333,0.0,0.0
50,0.28,0.75,0.14,50,0.02,0.4667,precision,0.5333,0.0,0.0
50,0.45,0.75,0.225,0,0.0,0.0,vacuous,0.3083,0.0,0.6917
50,0.45,0.75,0.225,0,0.02,0.0,vacuous,0.375,0.0,0.625
50,0.45,0.75,0.225,11,0.0,0.6417,precision,0.3583,0.0,0.0
50,0.45,0.75,0.225,11,0.02,0.6667,precision,0.3333,0.0,0.0
50,0.45,0.75,0.225,50,0.0,0.6917,precision,0.3083,0.0,0.0
50,0.45,0.75,0.225,50,0.02,0.7,precision,0.3,0.0,0.0
75,0.28,0.55,0.028,0,0.0,0.0,precision,0.975,0.0,0.025
75,0.28,0.55,0.028,0,0.02,0.0,precision,0.925,0.0,0.075
75,0.28,0.55,0.028,11,0.0,0.0583,precision,0.9417,0.0,0.0
75,0.28,0.55,0.028,11,0.02,0.0167,precision,0.9833,0.0,0.0
75,0.28,0.55,0.028,50,0.0,0.0667,precision,0.9333,0.0,0.0
75,0.28,0.55,0.028,50,0.02,0.05,precision,0.95,0.0,0.0
75,0.45,0.55,0.045,0,0.0,0.0,precision,0.9417,0.0,0.0583
75,0.45,0.55,0.045,0,0.02,0.0,precision,0.95,0.0,0.05
75,0.45,0.55,0.045,11,0.0,0.075,precision,0.925,0.0,0.0
75,0.45,0.55,0.045,11,0.02,0.075,precision,0.925,0.0,0.0
75,0.45,0.55,0.045,50,0.0,0.0583,precision,0.9417,0.0,0.0
75,0.45,0.55,0.045,50,0.02,0.0833,precision,0.9083,0.0083,0.0
75,0.28,0.6,0.056,0,0.0,0.0,precision,0.9083,0.0,0.0917
75,0.28,0.6,0.056,0,0.02,0.0,precision,0.8583,0.0,0.1417
75,0.28,0.6,0.056,11,0.0,0.075,precision,0.925,0.0,0.0
75,0.28,0.6,0.056,11,0.02,0.125,precision,0.875,0.0,0.0
75,0.28,0.6,0.056,50,0.0,0.1417,precision,0.8583,0.0,0.0
75,0.28,0.6,0.056,50,0.02,0.1083,precision,0.8917,0.0,0.0
75,0.45,0.6,0.09,0,0.0,0.0,precision,0.7833,0.0,0.2167
75,0.45,0.6,0.09,0,0.02,0.0,precision,0.7583,0.0,0.2417
75,0.45,0.6,0.09,11,0.0,0.2417,precision,0.7583,0.0,0.0
75,0.45,0.6,0.09,11,0.02,0.2,precision,0.8,0.0,0.0
75,0.45,0.6,0.09,50,0.0,0.15,precision,0.85,0.0,0.0
75,0.45,0.6,0.09,50,0.02,0.1917,precision,0.8083,0.0,0.0
75,0.28,0.65,0.084,0,0.0,0.0,precision,0.7833,0.0,0.2167
75,0.28,0.65,0.084,0,0.02,0.0,precision,0.6833,0.0,0.3167
75,0.28,0.65,0.084,11,0.0,0.2167,precision,0.7833,0.0,0.0
75,0.28,0.65,0.084,11,0.02,0.3667,precision,0.6333,0.0,0.0
75,0.28,0.65,0.084,50,0.0,0.2417,precision,0.7583,0.0,0.0
75,0.28,0.65,0.084,50,0.02,0.2167,precision,0.7833,0.0,0.0
75,0.45,0.65,0.135,0,0.0,0.0,precision,0.5583,0.0,0.4417
75,0.45,0.65,0.135,0,0.02,0.0,precision,0.5917,0.0,0.4083
75,0.45,0.65,0.135,11,0.0,0.4,precision,0.6,0.0,0.0
75,0.45,0.65,0.135,11,0.02,0.3333,precision,0.6667,0.0,0.0
75,0.45,0.65,0.135,50,0.0,0.3583,precision,0.6417,0.0,0.0
75,0.45,0.65,0.135,50,0.02,0.3833,precision,0.6083,0.0083,0.0
75,0.28,0.7,0.112,0,0.0,0.0,precision,0.5917,0.0,0.4083
75,0.28,0.7,0.112,0,0.02,0.0,precision,0.55,0.0,0.45
75,0.28,0.7,0.112,11,0.0,0.4167,precision,0.5833,0.0,0.0
75,0.28,0.7,0.112,11,0.02,0.425,precision,0.575,0.0,0.0
75,0.28,0.7,0.112,50,0.0,0.4833,precision,0.5167,0.0,0.0
75,0.28,0.7,0.112,50,0.02,0.4167,precision,0.5833,0.0,0.0
75,0.45,0.7,0.18,0,0.0,0.0,vacuous,0.325,0.0,0.675
75,0.45,0.7,0.18,0,0.02,0.0,vacuous,0.3583,0.0,0.6417
75,0.45,0.7,0.18,11,0.0,0.5833,precision,0.4167,0.0,0.0
75,0.45,0.7,0.18,11,0.02,0.65,precision,0.35,0.0,0.0
75,0.45,0.7,0.18,50,0.0,0.6167,precision,0.3833,0.0,0.0
75,0.45,0.7,0.18,50,0.02,0.6,precision,0.4,0.0,0.0
75,0.28,0.75,0.14,0,0.0,0.0,vacuous,0.4167,0.0,0.5833
75,0.28,0.75,0.14,0,0.02,0.0,vacuous,0.325,0.0,0.675
75,0.28,0.75,0.14,11,0.0,0.6833,precision,0.3167,0.0,0.0
75,0.28,0.75,0.14,11,0.02,0.6,precision,0.4,0.0,0.0
75,0.28,0.75,0.14,50,0.0,0.5667,precision,0.4333,0.0,0.0
75,0.28,0.75,0.14,50,0.02,0.5833,precision,0.4167,0.0,0.0
75,0.45,0.75,0.225,0,0.0,0.0,vacuous,0.1667,0.0,0.8333
75,0.45,0.75,0.225,0,0.02,0.0,vacuous,0.1667,0.0,0.8333
75,0.45,0.75,0.225,11,0.0,0.8917,precision,0.1083,0.0,0.0
75,0.45,0.75,0.225,11,0.02,0.85,precision,0.15,0.0,0.0
75,0.45,0.75,0.225,50,0.0,0.825,precision,0.175,0.0,0.0
75,0.45,0.75,0.225,50,0.02,0.7833,precision,0.2167,0.0,0.0
100,0.28,0.55,0.028,0,0.0,0.0,precision,0.9167,0.0,0.0833
100,0.28,0.55,0.028,0,0.02,0.0,precision,0.925,0.0,0.075
100,0.28,0.55,0.028,11,0.0,0.0583,precision,0.9417,0.0,0.0
100,0.28,0.55,0.028,11,0.02,0.1083,precision,0.8917,0.0,0.0
100,0.28,0.55,0.028,50,0.0,0.1,precision,0.9,0.0,0.0
100,0.28,0.55,0.028,50,0.02,0.0917,precision,0.9083,0.0,0.0
100,0.45,0.55,0.045,0,0.0,0.0,precision,0.9583,0.0,0.0417
100,0.45,0.55,0.045,0,0.02,0.0,precision,0.9417,0.0,0.0583
100,0.45,0.55,0.045,11,0.0,0.1,precision,0.9,0.0,0.0
100,0.45,0.55,0.045,11,0.02,0.0583,precision,0.9417,0.0,0.0
100,0.45,0.55,0.045,50,0.0,0.0833,precision,0.9167,0.0,0.0
100,0.45,0.55,0.045,50,0.02,0.0583,precision,0.9417,0.0,0.0
100,0.28,0.6,0.056,0,0.0,0.0,precision,0.9,0.0,0.1
100,0.28,0.6,0.056,0,0.02,0.0,precision,0.8667,0.0,0.1333
100,0.28,0.6,0.056,11,0.0,0.1417,precision,0.8583,0.0,0.0
100,0.28,0.6,0.056,11,0.02,0.1833,precision,0.8167,0.0,0.0
100,0.28,0.6,0.056,50,0.0,0.2167,precision,0.7833,0.0,0.0
100,0.28,0.6,0.056,50,0.02,0.1,precision,0.8917,0.0083,0.0
100,0.45,0.6,0.09,0,0.0,0.0,precision,0.8,0.0,0.2
100,0.45,0.6,0.09,0,0.02,0.0,precision,0.7833,0.0,0.2167
100,0.45,0.6,0.09,11,0.0,0.275,precision,0.725,0.0,0.0
100,0.45,0.6,0.09,11,0.02,0.2417,precision,0.7583,0.0,0.0
100,0.45,0.6,0.09,50,0.0,0.2833,precision,0.7167,0.0,0.0
100,0.45,0.6,0.09,50,0.02,0.2417,precision,0.7583,0.0,0.0
100,0.28,0.65,0.084,0,0.0,0.0,precision,0.7167,0.0,0.2833
100,0.28,0.65,0.084,0,0.02,0.0,precision,0.6333,0.0,0.3667
100,0.28,0.65,0.084,11,0.0,0.3417,precision,0.6583,0.0,0.0
100,0.28,0.65,0.084,11,0.02,0.3083,precision,0.6917,0.0,0.0
100,0.28,0.65,0.084,50,0.0,0.3417,precision,0.6583,0.0,0.0
100,0.28,0.65,0.084,50,0.02,0.3167,precision,0.6833,0.0,0.0
100,0.45,0.65,0.135,0,0.0,0.0,precision,0.55,0.0,0.45
100,0.45,0.65,0.135,0,0.02,0.0,precision,0.5167,0.0,0.4833
100,0.45,0.65,0.135,11,0.0,0.325,precision,0.675,0.0,0.0
100,0.45,0.65,0.135,11,0.02,0.5417,precision,0.4583,0.0,0.0
100,0.45,0.65,0.135,50,0.0,0.4667,precision,0.5333,0.0,0.0
100,0.45,0.65,0.135,50,0.02,0.5917,precision,0.4083,0.0,0.0
100,0.28,0.7,0.112,0,0.0,0.0,vacuous,0.45,0.0,0.55
100,0.28,0.7,0.112,0,0.02,0.0,vacuous,0.5,0.0,0.5
100,0.28,0.7,0.112,11,0.0,0.6083,precision,0.3917,0.0,0.0
100,0.28,0.7,0.112,11,0.02,0.6,precision,0.4,0.0,0.0
100,0.28,0.7,0.112,50,0.0,0.5,precision,0.5,0.0,0.0
100,0.28,0.7,0.112,50,0.02,0.5333,precision,0.4667,0.0,0.0
100,0.45,0.7,0.18,0,0.0,0.0,vacuous,0.225,0.0,0.775
100,0.45,0.7,0.18,0,0.02,0.0,vacuous,0.2333,0.0,0.7667
100,0.45,0.7,0.18,11,0.0,0.8083,precision,0.1917,0.0,0.0
100,0.45,0.7,0.18,11,0.02,0.725,precision,0.275,0.0,0.0
100,0.45,0.7,0.18,50,0.0,0.7333,precision,0.2667,0.0,0.0
100,0.45,0.7,0.18,50,0.02,0.7083,precision,0.2917,0.0,0.0
100,0.28,0.75,0.14,0,0.0,0.0,vacuous,0.25,0.0,0.75
100,0.28,0.75,0.14,0,0.02,0.0,vacuous,0.2583,0.0,0.7417
100,0.28,0.75,0.14,11,0.0,0.7833,precision,0.2167,0.0,0.0
100,0.28,0.75,0.14,11,0.02,0.725,precision,0.275,0.0,0.0
100,0.28,0.75,0.14,50,0.0,0.7167,precision,0.2833,0.0,0.0
100,0.28,0.75,0.14,50,0.02,0.7667,precision,0.2333,0.0,0.0
100,0.45,0.75,0.225,0,0.0,0.0,vacuous,0.075,0.0,0.925
100,0.45,0.75,0.225,0,0.02,0.0,vacuous,0.05,0.0,0.95
100,0.45,0.75,0.225,11,0.0,0.95,precision,0.05,0.0,0.0
100,0.45,0.75,0.225,11,0.02,0.95,precision,0.05,0.0,0.0
100,0.45,0.75,0.225,50,0.0,0.975,precision,0.025,0.0,0.0
100,0.45,0.75,0.225,50,0.02,0.9667,precision,0.0333,0.0,0.0
150,0.28,0.55,0.028,0,0.0,0.0,precision,0.9333,0.0,0.0667
150,0.28,0.55,0.028,0,0.02,0.0,precision,0.9,0.0,0.1
150,0.28,0.55,0.028,11,0.0,0.1,precision,0.9,0.0,0.0
150,0.28,0.55,0.028,11,0.02,0.0917,precision,0.9083,0.0,0.0
150,0.28,0.55,0.028,50,0.0,0.0583,precision,0.9417,0.0,0.0
150,0.28,0.55,0.028,50,0.02,0.0333,precision,0.9667,0.0,0.0
150,0.45,0.55,0.045,0,0.0,0.0,precision,0.8917,0.0,0.1083
150,0.45,0.55,0.045,0,0.02,0.0,precision,0.8917,0.0,0.1083
150,0.45,0.55,0.045,11,0.0,0.1083,precision,0.8917,0.0,0.0
150,0.45,0.55,0.045,11,0.02,0.0667,precision,0.9333,0.0,0.0
150,0.45,0.55,0.045,50,0.0,0.1333,precision,0.8667,0.0,0.0
150,0.45,0.55,0.045,50,0.02,0.15,precision,0.85,0.0,0.0
150,0.28,0.6,0.056,0,0.0,0.0,precision,0.825,0.0,0.175
150,0.28,0.6,0.056,0,0.02,0.0,precision,0.75,0.0,0.25
150,0.28,0.6,0.056,11,0.0,0.275,precision,0.725,0.0,0.0
150,0.28,0.6,0.056,11,0.02,0.2,precision,0.8,0.0,0.0
150,0.28,0.6,0.056,50,0.0,0.275,precision,0.725,0.0,0.0
150,0.28,0.6,0.056,50,0.02,0.2333,precision,0.7667,0.0,0.0
150,0.45,0.6,0.09,0,0.0,0.0,precision,0.65,0.0,0.35
150,0.45,0.6,0.09,0,0.02,0.0,precision,0.7,0.0,0.3
150,0.45,0.6,0.09,11,0.0,0.3667,precision,0.6333,0.0,0.0
150,0.45,0.6,0.09,11,0.02,0.45,precision,0.55,0.0,0.0
150,0.45,0.6,0.09,50,0.0,0.425,precision,0.575,0.0,0.0
150,0.45,0.6,0.09,50,0.02,0.3167,precision,0.6833,0.0,0.0
150,0.28,0.65,0.084,0,0.0,0.0,vacuous,0.475,0.0,0.525
150,0.28,0.65,0.084,0,0.02,0.0,precision,0.5917,0.0,0.4083
150,0.28,0.65,0.084,11,0.0,0.3917,precision,0.6083,0.0,0.0
150,0.28,0.65,0.084,11,0.02,0.5167,precision,0.4833,0.0,0.0
150,0.28,0.65,0.084,50,0.0,0.4083,precision,0.5917,0.0,0.0
150,0.28,0.65,0.084,50,0.02,0.425,precision,0.5667,0.0083,0.0
150,0.45,0.65,0.135,0,0.0,0.0,vacuous,0.3333,0.0,0.6667
150,0.45,0.65,0.135,0,0.02,0.0,vacuous,0.3333,0.0,0.6667
150,0.45,0.65,0.135,11,0.0,0.6667,precision,0.3333,0.0,0.0
150,0.45,0.65,0.135,11,0.02,0.7,precision,0.3,0.0,0.0
150,0.45,0.65,0.135,50,0.0,0.6583,precision,0.3417,0.0,0.0
150,0.45,0.65,0.135,50,0.02,0.65,precision,0.35,0.0,0.0
150,0.28,0.7,0.112,0,0.0,0.0,vacuous,0.2417,0.0,0.7583
150,0.28,0.7,0.112,0,0.02,0.0,vacuous,0.2917,0.0,0.7083
150,0.28,0.7,0.112,11,0.0,0.775,precision,0.225,0.0,0.0
150,0.28,0.7,0.112,11,0.02,0.8083,precision,0.1917,0.0,0.0
150,0.28,0.7,0.112,50,0.0,0.775,precision,0.225,0.0,0.0
150,0.28,0.7,0.112,50,0.02,0.6333,precision,0.3583,0.0083,0.0
150,0.45,0.7,0.18,0,0.0,0.0,vacuous,0.1083,0.0,0.8917
150,0.45,0.7,0.18,0,0.02,0.0,vacuous,0.1,0.0,0.9
150,0.45,0.7,0.18,11,0.0,0.9167,precision,0.0833,0.0,0.0
150,0.45,0.7,0.18,11,0.02,0.9167,precision,0.0833,0.0,0.0
150,0.45,0.7,0.18,50,0.0,0.9417,precision,0.0583,0.0,0.0
150,0.45,0.7,0.18,50,0.02,0.8917,precision,0.1083,0.0,0.0
150,0.28,0.75,0.14,0,0.0,0.0,vacuous,0.1167,0.0,0.8833
150,0.28,0.75,0.14,0,0.02,0.0,vacuous,0.0833,0.0,0.9167
150,0.28,0.75,0.14,11,0.0,0.9,precision,0.1,0.0,0.0
150,0.28,0.75,0.14,11,0.02,0.9083,precision,0.0917,0.0,0.0
150,0.28,0.75,0.14,50,0.0,0.9083,precision,0.0917,0.0,0.0
150,0.28,0.75,0.14,50,0.02,0.9417,precision,0.05,0.0083,0.0
150,0.45,0.75,0.225,0,0.0,0.0,vacuous,0.0083,0.0,0.9917
150,0.45,0.75,0.225,0,0.02,0.0,vacuous,0.0083,0.0,0.9917
150,0.45,0.75,0.225,11,0.0,0.9917,precision,0.0083,0.0,0.0
150,0.45,0.75,0.225,11,0.02,0.9917,precision,0.0083,0.0,0.0
150,0.45,0.75,0.225,50,0.0,1.0,none,0.0,0.0,0.0
150,0.45,0.75,0.225,50,0.02,1.0,none,0.0,0.0,0.0
200,0.28,0.55,0.028,0,0.0,0.0,precision,0.8583,0.0,0.1417
200,0.28,0.55,0.028,0,0.02,0.0,precision,0.9167,0.0,0.0833
200,0.28,0.55,0.028,11,0.0,0.1167,precision,0.8833,0.0,0.0
200,0.28,0.55,0.028,11,0.02,0.1167,precision,0.8833,0.0,0.0
200,0.28,0.55,0.028,50,0.0,0.125,precision,0.875,0.0,0.0
200,0.28,0.55,0.028,50,0.02,0.0833,precision,0.9167,0.0,0.0
200,0.45,0.55,0.045,0,0.0,0.0,precision,0.8833,0.0,0.1167
200,0.45,0.55,0.045,0,0.02,0.0,precision,0.85,0.0,0.15
200,0.45,0.55,0.045,11,0.0,0.1583,precision,0.8417,0.0,0.0
200,0.45,0.55,0.045,11,0.02,0.125,precision,0.875,0.0,0.0
200,0.45,0.55,0.045,50,0.0,0.2,precision,0.8,0.0,0.0
200,0.45,0.55,0.045,50,0.02,0.1333,precision,0.8667,0.0,0.0
200,0.28,0.6,0.056,0,0.0,0.0,precision,0.6667,0.0,0.3333
200,0.28,0.6,0.056,0,0.02,0.0,precision,0.65,0.0,0.35
200,0.28,0.6,0.056,11,0.0,0.2917,precision,0.7083,0.0,0.0
200,0.28,0.6,0.056,11,0.02,0.3333,precision,0.6667,0.0,0.0
200,0.28,0.6,0.056,50,0.0,0.3417,precision,0.6583,0.0,0.0
200,0.28,0.6,0.056,50,0.02,0.3167,precision,0.6833,0.0,0.0
200,0.45,0.6,0.09,0,0.0,0.0,precision,0.5333,0.0,0.4667
200,0.45,0.6,0.09,0,0.02,0.0,precision,0.5167,0.0,0.4833
200,0.45,0.6,0.09,11,0.0,0.4,precision,0.6,0.0,0.0
200,0.45,0.6,0.09,11,0.02,0.4667,precision,0.5333,0.0,0.0
200,0.45,0.6,0.09,50,0.0,0.4417,precision,0.5583,0.0,0.0
200,0.45,0.6,0.09,50,0.02,0.4167,precision,0.5833,0.0,0.0
200,0.28,0.65,0.084,0,0.0,0.0,vacuous,0.4667,0.0,0.5333
200,0.28,0.65,0.084,0,0.02,0.0,vacuous,0.375,0.0,0.625
200,0.28,0.65,0.084,11,0.0,0.55,precision,0.45,0.0,0.0
200,0.28,0.65,0.084,11,0.02,0.575,precision,0.425,0.0,0.0
200,0.28,0.65,0.084,50,0.0,0.6333,precision,0.3667,0.0,0.0
200,0.28,0.65,0.084,50,0.02,0.6167,precision,0.375,0.0083,0.0
200,0.45,0.65,0.135,0,0.0,0.0,vacuous,0.1917,0.0,0.8083
200,0.45,0.65,0.135,0,0.02,0.0,vacuous,0.1833,0.0,0.8167
200,0.45,0.65,0.135,11,0.0,0.8083,precision,0.1917,0.0,0.0
200,0.45,0.65,0.135,11,0.02,0.7667,precision,0.2333,0.0,0.0
200,0.45,0.65,0.135,50,0.0,0.7583,precision,0.2417,0.0,0.0
200,0.45,0.65,0.135,50,0.02,0.75,precision,0.25,0.0,0.0
200,0.28,0.7,0.112,0,0.0,0.0,vacuous,0.175,0.0,0.825
200,0.28,0.7,0.112,0,0.02,0.0,vacuous,0.1333,0.0,0.8667
200,0.28,0.7,0.112,11,0.0,0.8583,precision,0.1417,0.0,0.0
200,0.28,0.7,0.112,11,0.02,0.8583,precision,0.1417,0.0,0.0
200,0.28,0.7,0.112,50,0.0,0.8667,precision,0.1333,0.0,0.0
200,0.28,0.7,0.112,50,0.02,0.8167,precision,0.1833,0.0,0.0
200,0.45,0.7,0.18,0,0.0,0.0,vacuous,0.0333,0.0,0.9667
200,0.45,0.7,0.18,0,0.02,0.0,vacuous,0.0083,0.0,0.9917
200,0.45,0.7,0.18,11,0.0,0.9833,precision,0.0167,0.0,0.0
200,0.45,0.7,0.18,11,0.02,0.9833,precision,0.0167,0.0,0.0
200,0.45,0.7,0.18,50,0.0,0.9667,precision,0.0333,0.0,0.0
200,0.45,0.7,0.18,50,0.02,0.9583,precision,0.0333,0.0083,0.0
200,0.28,0.75,0.14,0,0.0,0.0,vacuous,0.025,0.0,0.975
200,0.28,0.75,0.14,0,0.02,0.0,vacuous,0.05,0.0,0.95
200,0.28,0.75,0.14,11,0.0,0.975,precision,0.025,0.0,0.0
200,0.28,0.75,0.14,11,0.02,0.9333,precision,0.0667,0.0,0.0
200,0.28,0.75,0.14,50,0.0,0.9667,precision,0.0333,0.0,0.0
200,0.28,0.75,0.14,50,0.02,0.95,precision,0.05,0.0,0.0
200,0.45,0.75,0.225,0,0.0,0.0,vacuous,0.0,0.0,1.0
200,0.45,0.75,0.225,0,0.02,0.0,vacuous,0.0,0.0,1.0
200,0.45,0.75,0.225,11,0.0,1.0,none,0.0,0.0,0.0
200,0.45,0.75,0.225,11,0.02,0.9917,precision,0.0083,0.0,0.0
200,0.45,0.75,0.225,50,0.0,1.0,none,0.0,0.0,0.0
200,0.45,0.75,0.225,50,0.02,1.0,none,0.0,0.0,0.0
300,0.28,0.55,0.028,0,0.0,0.0,precision,0.8583,0.0,0.1417
300,0.28,0.55,0.028,0,0.02,0.0,precision,0.9083,0.0,0.0917
300,0.28,0.55,0.028,11,0.0,0.125,precision,0.875,0.0,0.0
300,0.28,0.55,0.028,11,0.02,0.075,precision,0.925,0.0,0.0
300,0.28,0.55,0.028,50,0.0,0.125,precision,0.875,0.0,0.0
300,0.28,0.55,0.028,50,0.02,0.1417,precision,0.8583,0.0,0.0
300,0.45,0.55,0.045,0,0.0,0.0,precision,0.775,0.0,0.225
300,0.45,0.55,0.045,0,0.02,0.0,precision,0.825,0.0,0.175
300,0.45,0.55,0.045,11,0.0,0.2167,precision,0.7833,0.0,0.0
300,0.45,0.55,0.045,11,0.02,0.1583,precision,0.8417,0.0,0.0
300,0.45,0.55,0.045,50,0.0,0.1833,precision,0.8167,0.0,0.0
300,0.45,0.55,0.045,50,0.02,0.1583,precision,0.8417,0.0,0.0
300,0.28,0.6,0.056,0,0.0,0.0,precision,0.6083,0.0,0.3917
300,0.28,0.6,0.056,0,0.02,0.0,precision,0.6,0.0,0.4
300,0.28,0.6,0.056,11,0.0,0.4917,precision,0.5083,0.0,0.0
300,0.28,0.6,0.056,11,0.02,0.35,precision,0.65,0.0,0.0
300,0.28,0.6,0.056,50,0.0,0.4167,precision,0.5833,0.0,0.0
300,0.28,0.6,0.056,50,0.02,0.375,precision,0.625,0.0,0.0
300,0.45,0.6,0.09,0,0.0,0.0,vacuous,0.3833,0.0,0.6167
300,0.45,0.6,0.09,0,0.02,0.0,vacuous,0.3083,0.0,0.6917
300,0.45,0.6,0.09,11,0.0,0.6417,precision,0.3583,0.0,0.0
300,0.45,0.6,0.09,11,0.02,0.6167,precision,0.3833,0.0,0.0
300,0.45,0.6,0.09,50,0.0,0.6,precision,0.4,0.0,0.0
300,0.45,0.6,0.09,50,0.02,0.675,precision,0.325,0.0,0.0
300,0.28,0.65,0.084,0,0.0,0.0,vacuous,0.2333,0.0,0.7667
300,0.28,0.65,0.084,0,0.02,0.0,vacuous,0.1667,0.0,0.8333
300,0.28,0.65,0.084,11,0.0,0.775,precision,0.225,0.0,0.0
300,0.28,0.65,0.084,11,0.02,0.7667,precision,0.2333,0.0,0.0
300,0.28,0.65,0.084,50,0.0,0.775,precision,0.225,0.0,0.0
300,0.28,0.65,0.084,50,0.02,0.7583,precision,0.2417,0.0,0.0
300,0.45,0.65,0.135,0,0.0,0.0,vacuous,0.025,0.0,0.975
300,0.45,0.65,0.135,0,0.02,0.0,vacuous,0.1,0.0,0.9
300,0.45,0.65,0.135,11,0.0,0.9333,precision,0.0667,0.0,0.0
300,0.45,0.65,0.135,11,0.02,0.9167,precision,0.0833,0.0,0.0
300,0.45,0.65,0.135,50,0.0,0.9083,precision,0.0917,0.0,0.0
300,0.45,0.65,0.135,50,0.02,0.9167,precision,0.0833,0.0,0.0
300,0.28,0.7,0.112,0,0.0,0.0,vacuous,0.0167,0.0,0.9833
300,0.28,0.7,0.112,0,0.02,0.0,vacuous,0.0583,0.0,0.9417
300,0.28,0.7,0.112,11,0.0,0.95,precision,0.05,0.0,0.0
300,0.28,0.7,0.112,11,0.02,0.9583,precision,0.0417,0.0,0.0
300,0.28,0.7,0.112,50,0.0,0.9667,precision,0.0333,0.0,0.0
300,0.28,0.7,0.112,50,0.02,0.9417,precision,0.05,0.0083,0.0
300,0.45,0.7,0.18,0,0.0,0.0,vacuous,0.0,0.0,1.0
300,0.45,0.7,0.18,0,0.02,0.0,vacuous,0.0,0.0,1.0
300,0.45,0.7,0.18,11,0.0,0.9917,precision,0.0083,0.0,0.0
300,0.45,0.7,0.18,11,0.02,1.0,none,0.0,0.0,0.0
300,0.45,0.7,0.18,50,0.0,1.0,none,0.0,0.0,0.0
300,0.45,0.7,0.18,50,0.02,0.9917,collateral,0.0,0.0083,0.0
300,0.28,0.75,0.14,0,0.0,0.0,vacuous,0.0,0.0,1.0
300,0.28,0.75,0.14,0,0.02,0.0,vacuous,0.0,0.0,1.0
300,0.28,0.75,0.14,11,0.0,1.0,none,0.0,0.0,0.0
300,0.28,0.75,0.14,11,0.02,0.9917,precision,0.0083,0.0,0.0
300,0.28,0.75,0.14,50,0.0,1.0,none,0.0,0.0,0.0
300,0.28,0.75,0.14,50,0.02,1.0,none,0.0,0.0,0.0
300,0.45,0.75,0.225,0,0.0,0.0,vacuous,0.0,0.0,1.0
300,0.45,0.75,0.225,0,0.02,0.0,vacuous,0.0,0.0,1.0
300,0.45,0.75,0.225,11,0.0,1.0,none,0.0,0.0,0.0
300,0.45,0.75,0.225,11,0.02,1.0,none,0.0,0.0,0.0
300,0.45,0.75,0.225,50,0.0,1.0,none,0.0,0.0,0.0
300,0.45,0.75,0.225,50,0.02,0.9833,collateral,0.0,0.0167,0.0
