population,stage,stage_order,segment,seg_order,count,role
errors,87 channel errors,1,reached by the Router,1,72,reached
errors,87 channel errors,1,never reached,2,15,unreached
errors,72 reached,2,left the source action,1,52,exit
errors,72 reached,2,kept the source error,2,20,retained
errors,52 source exits,3,reached cannot_answer,1,38,gold
errors,52 source exits,3,landed on a third action,2,14,other
correct,211 baseline-correct,1,exposed by the Router,1,6,exposed
correct,211 baseline-correct,1,never exposed,2,205,unexposed
correct,6 exposed,2,broken,1,0,broken
correct,6 exposed,2,preserved,2,6,kept
