unit,unit_order,rule,rule_order,decision,actual
Qwen3-8B ca->tc,9,"R0
Net > 0",1,accept,ADMIT
Qwen3-8B ca->tc,9,"R1
+ specificity",2,accept,ADMIT
Qwen3-8B ca->tc,9,"R2
+ target-hit",3,accept,ADMIT
Qwen3-8B ca->tc,9,"R3
+ target gain",4,accept,ADMIT
Qwen3-8B ca->tc,9,"R4
destination",5,accept,ADMIT
Qwen3-8B ca->tc,9,"R5
+ collateral",6,accept,ADMIT
Qwen3-8B ca->tc,9,"R5b
+ non-vacuous",7,accept,ADMIT
Qwen3-8B ca->tc,9,"R6
full licence",8,accept,ADMIT
Qwen3-4B ca->tc,8,"R0
Net > 0",1,accept,DECLINE
Qwen3-4B ca->tc,8,"R1
+ specificity",2,accept,DECLINE
Qwen3-4B ca->tc,8,"R2
+ target-hit",3,accept,DECLINE
Qwen3-4B ca->tc,8,"R3
+ target gain",4,accept,DECLINE
Qwen3-4B ca->tc,8,"R4
destination",5,accept,DECLINE
Qwen3-4B ca->tc,8,"R5
+ collateral",6,accept,DECLINE
Qwen3-4B ca->tc,8,"R5b
+ non-vacuous",7,accept,DECLINE
Qwen3-4B ca->tc,8,"R6
full licence",8,reject,DECLINE
Gemma ca->tc,7,"R0
Net > 0",1,accept,DECLINE
Gemma ca->tc,7,"R1
+ specificity",2,accept,DECLINE
Gemma ca->tc,7,"R2
+ target-hit",3,accept,DECLINE
Gemma ca->tc,7,"R3
+ target gain",4,accept,DECLINE
Gemma ca->tc,7,"R4
destination",5,accept,DECLINE
Gemma ca->tc,7,"R5
+ collateral",6,accept,DECLINE
Gemma ca->tc,7,"R5b
+ non-vacuous",7,accept,DECLINE
Gemma ca->tc,7,"R6
full licence",8,reject,DECLINE
Gemma ca->direct DEV,6,"R0
Net > 0",1,accept,DECLINE(vacuous)
Gemma ca->direct DEV,6,"R1
+ specificity",2,accept,DECLINE(vacuous)
Gemma ca->direct DEV,6,"R2
+ target-hit",3,accept,DECLINE(vacuous)
Gemma ca->direct DEV,6,"R3
+ target gain",4,accept,DECLINE(vacuous)
Gemma ca->direct DEV,6,"R4
destination",5,accept,DECLINE(vacuous)
Gemma ca->direct DEV,6,"R5
+ collateral",6,accept,DECLINE(vacuous)
Gemma ca->direct DEV,6,"R5b
+ non-vacuous",7,reject,DECLINE(vacuous)
Gemma ca->direct DEV,6,"R6
full licence",8,reject,DECLINE(vacuous)
Phi-3.5 cascade,5,"R0
Net > 0",1,accept,WOULD_DECLINE
Phi-3.5 cascade,5,"R1
+ specificity",2,accept,WOULD_DECLINE
Phi-3.5 cascade,5,"R2
+ target-hit",3,accept,WOULD_DECLINE
Phi-3.5 cascade,5,"R3
+ target gain",4,accept,WOULD_DECLINE
Phi-3.5 cascade,5,"R4
destination",5,accept,WOULD_DECLINE
Phi-3.5 cascade,5,"R5
+ collateral",6,reject,WOULD_DECLINE
Phi-3.5 cascade,5,"R5b
+ non-vacuous",7,reject,WOULD_DECLINE
Phi-3.5 cascade,5,"R6
full licence",8,reject,WOULD_DECLINE
Mistral rfi_tc,4,"R0
Net > 0",1,accept,NON-SPECIFIC
Mistral rfi_tc,4,"R1
+ specificity",2,reject,NON-SPECIFIC
Mistral rfi_tc,4,"R2
+ target-hit",3,reject,NON-SPECIFIC
Mistral rfi_tc,4,"R3
+ target gain",4,reject,NON-SPECIFIC
Mistral rfi_tc,4,"R4
destination",5,reject,NON-SPECIFIC
Mistral rfi_tc,4,"R5
+ collateral",6,reject,NON-SPECIFIC
Mistral rfi_tc,4,"R5b
+ non-vacuous",7,reject,NON-SPECIFIC
Mistral rfi_tc,4,"R6
full licence",8,reject,NON-SPECIFIC
Mistral ca_tc,3,"R0
Net > 0",1,accept,PARTIAL(reverse 88%)
Mistral ca_tc,3,"R1
+ specificity",2,accept,PARTIAL(reverse 88%)
Mistral ca_tc,3,"R2
+ target-hit",3,reject,PARTIAL(reverse 88%)
Mistral ca_tc,3,"R3
+ target gain",4,reject,PARTIAL(reverse 88%)
Mistral ca_tc,3,"R4
destination",5,reject,PARTIAL(reverse 88%)
Mistral ca_tc,3,"R5
+ collateral",6,reject,PARTIAL(reverse 88%)
Mistral ca_tc,3,"R5b
+ non-vacuous",7,reject,PARTIAL(reverse 88%)
Mistral ca_tc,3,"R6
full licence",8,reject,PARTIAL(reverse 88%)
Llama ca_tc TEST,2,"R0
Net > 0",1,accept,REJECT
Llama ca_tc TEST,2,"R1
+ specificity",2,reject,REJECT
Llama ca_tc TEST,2,"R2
+ target-hit",3,reject,REJECT
Llama ca_tc TEST,2,"R3
+ target gain",4,reject,REJECT
Llama ca_tc TEST,2,"R4
destination",5,reject,REJECT
Llama ca_tc TEST,2,"R5
+ collateral",6,reject,REJECT
Llama ca_tc TEST,2,"R5b
+ non-vacuous",7,reject,REJECT
Llama ca_tc TEST,2,"R6
full licence",8,reject,REJECT
Llama ca_direct TEST,1,"R0
Net > 0",1,accept,REJECT
Llama ca_direct TEST,1,"R1
+ specificity",2,reject,REJECT
Llama ca_direct TEST,1,"R2
+ target-hit",3,reject,REJECT
Llama ca_direct TEST,1,"R3
+ target gain",4,reject,REJECT
Llama ca_direct TEST,1,"R4
destination",5,accept,REJECT
Llama ca_direct TEST,1,"R5
+ collateral",6,reject,REJECT
Llama ca_direct TEST,1,"R5b
+ non-vacuous",7,reject,REJECT
Llama ca_direct TEST,1,"R6
full licence",8,reject,REJECT
