setting,setting_order,kind,target_gain
Qwen3-8B,3,random,-0.034482758620689655
Qwen3-8B,3,random,-0.04597701149425287
Qwen3-8B,3,random,-0.034482758620689655
Qwen3-8B,3,random,-0.011494252873563218
Qwen3-8B,3,random,-0.05747126436781609
Qwen3-8B,3,random,0.0
Qwen3-8B,3,random,-0.022988505747126436
Qwen3-8B,3,random,-0.06896551724137931
Qwen3-8B,3,random,0.0
Qwen3-8B,3,random,-0.05747126436781609
Qwen3-8B,3,random,-0.022988505747126436
Qwen3-8B,3,random,-0.09195402298850575
Qwen3-8B,3,random,-0.022988505747126436
Qwen3-8B,3,random,-0.034482758620689655
Qwen3-8B,3,random,0.0
Qwen3-8B,3,random,-0.06896551724137931
Qwen3-8B,3,random,-0.034482758620689655
Qwen3-8B,3,random,-0.04597701149425287
Qwen3-8B,3,random,0.0
Qwen3-8B,3,random,0.0
Qwen3-8B,3,random,-0.034482758620689655
Qwen3-8B,3,random,0.0
Qwen3-8B,3,random,-0.011494252873563218
Qwen3-8B,3,random,-0.034482758620689655
Qwen3-8B,3,random,-0.034482758620689655
Qwen3-8B,3,random,-0.022988505747126436
Qwen3-8B,3,random,-0.011494252873563218
Qwen3-8B,3,random,0.0
Qwen3-8B,3,random,0.011494252873563218
Qwen3-8B,3,random,0.0
Qwen3-8B,3,random,-0.04597701149425287
Qwen3-8B,3,random,0.0
Qwen3-8B,3,random,-0.034482758620689655
Qwen3-8B,3,random,-0.05747126436781609
Qwen3-8B,3,random,-0.05747126436781609
Qwen3-8B,3,random,0.011494252873563218
Qwen3-8B,3,random,0.0
Qwen3-8B,3,random,-0.022988505747126436
Qwen3-8B,3,random,0.011494252873563218
Qwen3-8B,3,random,-0.04597701149425287
Qwen3-8B,3,random,-0.04597701149425287
Qwen3-8B,3,random,-0.034482758620689655
Qwen3-8B,3,random,-0.022988505747126436
Qwen3-8B,3,random,-0.022988505747126436
Qwen3-8B,3,random,0.0
Qwen3-8B,3,random,-0.05747126436781609
Qwen3-8B,3,random,-0.011494252873563218
Qwen3-8B,3,random,-0.022988505747126436
Qwen3-8B,3,random,-0.022988505747126436
Qwen3-8B,3,random,-0.034482758620689655
Qwen3-8B,3,random,-0.034482758620689655
Qwen3-8B,3,random,-0.034482758620689655
Qwen3-8B,3,random,0.022988505747126436
Qwen3-8B,3,random,-0.022988505747126436
Qwen3-8B,3,random,-0.034482758620689655
Qwen3-8B,3,random,-0.022988505747126436
Qwen3-8B,3,random,-0.09195402298850575
Qwen3-8B,3,random,-0.022988505747126436
Qwen3-8B,3,random,-0.06896551724137931
Qwen3-8B,3,real,0.27586206896551724
Qwen3-4B,2,random,-0.008064516129032258
Qwen3-4B,2,random,-0.03225806451612903
Qwen3-4B,2,random,-0.024193548387096774
Qwen3-4B,2,random,-0.008064516129032258
Qwen3-4B,2,random,-0.03225806451612903
Qwen3-4B,2,random,-0.008064516129032258
Qwen3-4B,2,random,-0.016129032258064516
Qwen3-4B,2,random,-0.024193548387096774
Qwen3-4B,2,random,-0.024193548387096774
Qwen3-4B,2,random,-0.008064516129032258
Qwen3-4B,2,random,-0.016129032258064516
Qwen3-4B,2,random,-0.03225806451612903
Qwen3-4B,2,random,-0.03225806451612903
Qwen3-4B,2,random,0.0
Qwen3-4B,2,random,-0.008064516129032258
Qwen3-4B,2,random,-0.03225806451612903
Qwen3-4B,2,random,-0.016129032258064516
Qwen3-4B,2,random,-0.024193548387096774
Qwen3-4B,2,random,0.0
Qwen3-4B,2,random,0.0
Qwen3-4B,2,random,-0.008064516129032258
Qwen3-4B,2,random,-0.04032258064516129
Qwen3-4B,2,random,-0.008064516129032258
Qwen3-4B,2,random,-0.008064516129032258
Qwen3-4B,2,random,-0.024193548387096774
Qwen3-4B,2,random,-0.008064516129032258
Qwen3-4B,2,random,-0.016129032258064516
Qwen3-4B,2,random,-0.024193548387096774
Qwen3-4B,2,random,-0.024193548387096774
Qwen3-4B,2,random,0.0
Qwen3-4B,2,random,-0.016129032258064516
Qwen3-4B,2,random,-0.008064516129032258
Qwen3-4B,2,random,-0.024193548387096774
Qwen3-4B,2,random,-0.008064516129032258
Qwen3-4B,2,random,-0.008064516129032258
Qwen3-4B,2,random,-0.024193548387096774
Qwen3-4B,2,random,-0.03225806451612903
Qwen3-4B,2,random,0.0
Qwen3-4B,2,random,-0.008064516129032258
Qwen3-4B,2,random,-0.016129032258064516
Qwen3-4B,2,random,-0.04032258064516129
Qwen3-4B,2,random,-0.016129032258064516
Qwen3-4B,2,random,-0.024193548387096774
Qwen3-4B,2,random,-0.016129032258064516
Qwen3-4B,2,random,-0.016129032258064516
Qwen3-4B,2,random,-0.008064516129032258
Qwen3-4B,2,random,-0.024193548387096774
Qwen3-4B,2,random,-0.016129032258064516
Qwen3-4B,2,random,-0.03225806451612903
Qwen3-4B,2,random,-0.008064516129032258
Qwen3-4B,2,random,-0.016129032258064516
Qwen3-4B,2,random,-0.03225806451612903
Qwen3-4B,2,random,-0.016129032258064516
Qwen3-4B,2,random,-0.04032258064516129
Qwen3-4B,2,random,-0.024193548387096774
Qwen3-4B,2,random,-0.008064516129032258
Qwen3-4B,2,random,-0.024193548387096774
Qwen3-4B,2,random,-0.04838709677419355
Qwen3-4B,2,random,-0.016129032258064516
Qwen3-4B,2,real,0.08064516129032258
Gemma-2-9B,1,random,0.0
Gemma-2-9B,1,random,0.0
Gemma-2-9B,1,random,0.0
Gemma-2-9B,1,random,0.0
Gemma-2-9B,1,random,0.0
Gemma-2-9B,1,random,0.0
Gemma-2-9B,1,random,0.0
Gemma-2-9B,1,random,-0.010416666666666666
Gemma-2-9B,1,random,-0.010416666666666666
Gemma-2-9B,1,random,0.0
Gemma-2-9B,1,random,0.0
Gemma-2-9B,1,random,0.0
Gemma-2-9B,1,random,-0.010416666666666666
Gemma-2-9B,1,random,0.0
Gemma-2-9B,1,random,0.0
Gemma-2-9B,1,random,0.0
Gemma-2-9B,1,random,-0.010416666666666666
Gemma-2-9B,1,random,-0.010416666666666666
Gemma-2-9B,1,random,0.0
Gemma-2-9B,1,random,0.0
Gemma-2-9B,1,random,0.0
Gemma-2-9B,1,random,0.0
Gemma-2-9B,1,random,0.0
Gemma-2-9B,1,random,0.0
Gemma-2-9B,1,random,0.0
Gemma-2-9B,1,random,0.0
Gemma-2-9B,1,random,-0.010416666666666666
Gemma-2-9B,1,random,-0.010416666666666666
Gemma-2-9B,1,random,0.0
Gemma-2-9B,1,random,0.0
Gemma-2-9B,1,random,0.0
Gemma-2-9B,1,random,0.0
Gemma-2-9B,1,random,-0.010416666666666666
Gemma-2-9B,1,random,-0.010416666666666666
Gemma-2-9B,1,random,0.0
Gemma-2-9B,1,random,0.0
Gemma-2-9B,1,random,-0.010416666666666666
Gemma-2-9B,1,random,-0.010416666666666666
Gemma-2-9B,1,random,0.0
Gemma-2-9B,1,random,0.0
Gemma-2-9B,1,random,0.0
Gemma-2-9B,1,random,-0.010416666666666666
Gemma-2-9B,1,random,0.0
Gemma-2-9B,1,random,0.0
Gemma-2-9B,1,random,-0.020833333333333332
Gemma-2-9B,1,random,-0.010416666666666666
Gemma-2-9B,1,random,-0.010416666666666666
Gemma-2-9B,1,random,-0.010416666666666666
Gemma-2-9B,1,random,0.0
Gemma-2-9B,1,random,0.0
Gemma-2-9B,1,random,-0.010416666666666666
Gemma-2-9B,1,random,-0.010416666666666666
Gemma-2-9B,1,random,0.0
Gemma-2-9B,1,random,0.0
Gemma-2-9B,1,random,0.0
Gemma-2-9B,1,random,0.0
Gemma-2-9B,1,random,0.0
Gemma-2-9B,1,random,0.0
Gemma-2-9B,1,random,0.0
Gemma-2-9B,1,real,0.07291666666666667
